id_club;nombre;tabla_origen;id_equipo;categoria;id_cuerpo_tecnico;apellidos;email;password
1.0;MetricGoal F.C.;CLUB;;;;;;
2.0;Alaves;CLUB;;;;;;
3.0;Almeria;CLUB;;;;;;
4.0;Athletic Club;CLUB;;;;;;
5.0;Atletico Madrid;CLUB;;;;;;
6.0;Barcelona;CLUB;;;;;;
7.0;Cadiz;CLUB;;;;;;
8.0;Celta Vigo;CLUB;;;;;;
9.0;Getafe;CLUB;;;;;;
10.0;Girona;CLUB;;;;;;
11.0;Granada;CLUB;;;;;;
12.0;Las Palmas;CLUB;;;;;;
13.0;Mallorca;CLUB;;;;;;
14.0;Osasuna;CLUB;;;;;;
15.0;Rayo Vallecano;CLUB;;;;;;
16.0;Real Betis;CLUB;;;;;;
17.0;Real Madrid;CLUB;;;;;;
18.0;Real Sociedad;CLUB;;;;;;
19.0;Sevilla;CLUB;;;;;;
20.0;Valencia;CLUB;;;;;;
21.0;Villarreal;CLUB;;;;;;
22.0;Arsenal;CLUB;;;;;;
23.0;Aston Villa;CLUB;;;;;;
24.0;Bournemouth;CLUB;;;;;;
25.0;Brentford;CLUB;;;;;;
26.0;Brighton;CLUB;;;;;;
27.0;Burnley;CLUB;;;;;;
28.0;Chelsea;CLUB;;;;;;
29.0;Crystal Palace;CLUB;;;;;;
30.0;Everton;CLUB;;;;;;
31.0;Fulham;CLUB;;;;;;
32.0;Liverpool;CLUB;;;;;;
33.0;Luton;CLUB;;;;;;
34.0;Manchester City;CLUB;;;;;;
35.0;Manchester United;CLUB;;;;;;
36.0;Newcastle United;CLUB;;;;;;
37.0;Nottingham Forest;CLUB;;;;;;
38.0;Sheffield United;CLUB;;;;;;
39.0;Tottenham;CLUB;;;;;;
40.0;West Ham;CLUB;;;;;;
41.0;Wolverhampton Wanderers;CLUB;;;;;;
42.0;Augsburg;CLUB;;;;;;
43.0;Bayer Leverkusen;CLUB;;;;;;
44.0;Bayern Munich;CLUB;;;;;;
45.0;Bochum;CLUB;;;;;;
46.0;Borussia Dortmund;CLUB;;;;;;
47.0;Borussia M.Gladbach;CLUB;;;;;;
48.0;Darmstadt;CLUB;;;;;;
49.0;Eintracht Frankfurt;CLUB;;;;;;
50.0;FC Cologne;CLUB;;;;;;
51.0;FC Heidenheim;CLUB;;;;;;
52.0;Freiburg;CLUB;;;;;;
53.0;Hoffenheim;CLUB;;;;;;
54.0;Mainz 05;CLUB;;;;;;
55.0;RasenBallsport Leipzig;CLUB;;;;;;
56.0;Union Berlin;CLUB;;;;;;
57.0;VfB Stuttgart;CLUB;;;;;;
58.0;Werder Bremen;CLUB;;;;;;
59.0;Wolfsburg;CLUB;;;;;;
60.0;AC Milan;CLUB;;;;;;
61.0;Atalanta;CLUB;;;;;;
62.0;Bologna;CLUB;;;;;;
63.0;Cagliari;CLUB;;;;;;
64.0;Empoli;CLUB;;;;;;
65.0;Fiorentina;CLUB;;;;;;
66.0;Frosinone;CLUB;;;;;;
67.0;Genoa;CLUB;;;;;;
68.0;Inter;CLUB;;;;;;
69.0;Juventus;CLUB;;;;;;
70.0;Lazio;CLUB;;;;;;
71.0;Lecce;CLUB;;;;;;
72.0;Monza;CLUB;;;;;;
73.0;Napoli;CLUB;;;;;;
74.0;Roma;CLUB;;;;;;
75.0;Salernitana;CLUB;;;;;;
76.0;Sassuolo;CLUB;;;;;;
77.0;Torino;CLUB;;;;;;
78.0;Udinese;CLUB;;;;;;
79.0;Verona;CLUB;;;;;;
80.0;Brest;CLUB;;;;;;
81.0;Clermont Foot;CLUB;;;;;;
82.0;Le Havre;CLUB;;;;;;
83.0;Lens;CLUB;;;;;;
84.0;Lille;CLUB;;;;;;
85.0;Lorient;CLUB;;;;;;
86.0;Lyon;CLUB;;;;;;
87.0;Marseille;CLUB;;;;;;
88.0;Metz;CLUB;;;;;;
89.0;Monaco;CLUB;;;;;;
90.0;Montpellier;CLUB;;;;;;
91.0;Nantes;CLUB;;;;;;
92.0;Nice;CLUB;;;;;;
93.0;Paris Saint Germain;CLUB;;;;;;
94.0;Reims;CLUB;;;;;;
95.0;Rennes;CLUB;;;;;;
96.0;Strasbourg;CLUB;;;;;;
97.0;Toulouse;CLUB;;;;;;
1.0;;EQUIPO;1.0;Senior A;;;;
2.0;;EQUIPO;2.0;Filial;;;;
2.0;;EQUIPO;3.0;Juvenil A;;;;
2.0;;EQUIPO;4.0;Juvenil B;;;;
3.0;;EQUIPO;5.0;Filial;;;;
3.0;;EQUIPO;6.0;Juvenil A;;;;
3.0;;EQUIPO;7.0;Juvenil B;;;;
4.0;;EQUIPO;8.0;Filial;;;;
4.0;;EQUIPO;9.0;Juvenil A;;;;
4.0;;EQUIPO;10.0;Juvenil B;;;;
5.0;;EQUIPO;11.0;Filial;;;;
5.0;;EQUIPO;12.0;Juvenil A;;;;
5.0;;EQUIPO;13.0;Juvenil B;;;;
6.0;;EQUIPO;14.0;Filial;;;;
6.0;;EQUIPO;15.0;Juvenil A;;;;
6.0;;EQUIPO;16.0;Juvenil B;;;;
7.0;;EQUIPO;17.0;Filial;;;;
7.0;;EQUIPO;18.0;Juvenil A;;;;
7.0;;EQUIPO;19.0;Juvenil B;;;;
8.0;;EQUIPO;20.0;Filial;;;;
8.0;;EQUIPO;21.0;Juvenil A;;;;
8.0;;EQUIPO;22.0;Juvenil B;;;;
9.0;;EQUIPO;23.0;Filial;;;;
9.0;;EQUIPO;24.0;Juvenil A;;;;
9.0;;EQUIPO;25.0;Juvenil B;;;;
10.0;;EQUIPO;26.0;Filial;;;;
10.0;;EQUIPO;27.0;Juvenil A;;;;
10.0;;EQUIPO;28.0;Juvenil B;;;;
11.0;;EQUIPO;29.0;Filial;;;;
11.0;;EQUIPO;30.0;Juvenil A;;;;
11.0;;EQUIPO;31.0;Juvenil B;;;;
12.0;;EQUIPO;32.0;Filial;;;;
12.0;;EQUIPO;33.0;Juvenil A;;;;
12.0;;EQUIPO;34.0;Juvenil B;;;;
13.0;;EQUIPO;35.0;Filial;;;;
13.0;;EQUIPO;36.0;Juvenil A;;;;
13.0;;EQUIPO;37.0;Juvenil B;;;;
14.0;;EQUIPO;38.0;Filial;;;;
14.0;;EQUIPO;39.0;Juvenil A;;;;
14.0;;EQUIPO;40.0;Juvenil B;;;;
15.0;;EQUIPO;41.0;Filial;;;;
15.0;;EQUIPO;42.0;Juvenil A;;;;
15.0;;EQUIPO;43.0;Juvenil B;;;;
16.0;;EQUIPO;44.0;Filial;;;;
16.0;;EQUIPO;45.0;Juvenil A;;;;
16.0;;EQUIPO;46.0;Juvenil B;;;;
17.0;;EQUIPO;47.0;Filial;;;;
17.0;;EQUIPO;48.0;Juvenil A;;;;
17.0;;EQUIPO;49.0;Juvenil B;;;;
18.0;;EQUIPO;50.0;Filial;;;;
18.0;;EQUIPO;51.0;Juvenil A;;;;
18.0;;EQUIPO;52.0;Juvenil B;;;;
19.0;;EQUIPO;53.0;Filial;;;;
19.0;;EQUIPO;54.0;Juvenil A;;;;
19.0;;EQUIPO;55.0;Juvenil B;;;;
20.0;;EQUIPO;56.0;Filial;;;;
20.0;;EQUIPO;57.0;Juvenil A;;;;
20.0;;EQUIPO;58.0;Juvenil B;;;;
21.0;;EQUIPO;59.0;Filial;;;;
21.0;;EQUIPO;60.0;Juvenil A;;;;
21.0;;EQUIPO;61.0;Juvenil B;;;;
22.0;;EQUIPO;62.0;Filial;;;;
22.0;;EQUIPO;63.0;Juvenil A;;;;
22.0;;EQUIPO;64.0;Juvenil B;;;;
23.0;;EQUIPO;65.0;Filial;;;;
23.0;;EQUIPO;66.0;Juvenil A;;;;
23.0;;EQUIPO;67.0;Juvenil B;;;;
24.0;;EQUIPO;68.0;Filial;;;;
24.0;;EQUIPO;69.0;Juvenil A;;;;
24.0;;EQUIPO;70.0;Juvenil B;;;;
25.0;;EQUIPO;71.0;Filial;;;;
25.0;;EQUIPO;72.0;Juvenil A;;;;
25.0;;EQUIPO;73.0;Juvenil B;;;;
26.0;;EQUIPO;74.0;Filial;;;;
26.0;;EQUIPO;75.0;Juvenil A;;;;
26.0;;EQUIPO;76.0;Juvenil B;;;;
27.0;;EQUIPO;77.0;Filial;;;;
27.0;;EQUIPO;78.0;Juvenil A;;;;
27.0;;EQUIPO;79.0;Juvenil B;;;;
28.0;;EQUIPO;80.0;Filial;;;;
28.0;;EQUIPO;81.0;Juvenil A;;;;
28.0;;EQUIPO;82.0;Juvenil B;;;;
29.0;;EQUIPO;83.0;Filial;;;;
29.0;;EQUIPO;84.0;Juvenil A;;;;
29.0;;EQUIPO;85.0;Juvenil B;;;;
30.0;;EQUIPO;86.0;Filial;;;;
30.0;;EQUIPO;87.0;Juvenil A;;;;
30.0;;EQUIPO;88.0;Juvenil B;;;;
31.0;;EQUIPO;89.0;Filial;;;;
31.0;;EQUIPO;90.0;Juvenil A;;;;
31.0;;EQUIPO;91.0;Juvenil B;;;;
32.0;;EQUIPO;92.0;Filial;;;;
32.0;;EQUIPO;93.0;Juvenil A;;;;
32.0;;EQUIPO;94.0;Juvenil B;;;;
33.0;;EQUIPO;95.0;Filial;;;;
33.0;;EQUIPO;96.0;Juvenil A;;;;
33.0;;EQUIPO;97.0;Juvenil B;;;;
34.0;;EQUIPO;98.0;Filial;;;;
34.0;;EQUIPO;99.0;Juvenil A;;;;
34.0;;EQUIPO;100.0;Juvenil B;;;;
35.0;;EQUIPO;101.0;Filial;;;;
35.0;;EQUIPO;102.0;Juvenil A;;;;
35.0;;EQUIPO;103.0;Juvenil B;;;;
36.0;;EQUIPO;104.0;Filial;;;;
36.0;;EQUIPO;105.0;Juvenil A;;;;
36.0;;EQUIPO;106.0;Juvenil B;;;;
37.0;;EQUIPO;107.0;Filial;;;;
37.0;;EQUIPO;108.0;Juvenil A;;;;
37.0;;EQUIPO;109.0;Juvenil B;;;;
38.0;;EQUIPO;110.0;Filial;;;;
38.0;;EQUIPO;111.0;Juvenil A;;;;
38.0;;EQUIPO;112.0;Juvenil B;;;;
39.0;;EQUIPO;113.0;Filial;;;;
39.0;;EQUIPO;114.0;Juvenil A;;;;
39.0;;EQUIPO;115.0;Juvenil B;;;;
40.0;;EQUIPO;116.0;Filial;;;;
40.0;;EQUIPO;117.0;Juvenil A;;;;
40.0;;EQUIPO;118.0;Juvenil B;;;;
41.0;;EQUIPO;119.0;Filial;;;;
41.0;;EQUIPO;120.0;Juvenil A;;;;
41.0;;EQUIPO;121.0;Juvenil B;;;;
42.0;;EQUIPO;122.0;Filial;;;;
42.0;;EQUIPO;123.0;Juvenil A;;;;
42.0;;EQUIPO;124.0;Juvenil B;;;;
43.0;;EQUIPO;125.0;Filial;;;;
43.0;;EQUIPO;126.0;Juvenil A;;;;
43.0;;EQUIPO;127.0;Juvenil B;;;;
44.0;;EQUIPO;128.0;Filial;;;;
44.0;;EQUIPO;129.0;Juvenil A;;;;
44.0;;EQUIPO;130.0;Juvenil B;;;;
45.0;;EQUIPO;131.0;Filial;;;;
45.0;;EQUIPO;132.0;Juvenil A;;;;
45.0;;EQUIPO;133.0;Juvenil B;;;;
46.0;;EQUIPO;134.0;Filial;;;;
46.0;;EQUIPO;135.0;Juvenil A;;;;
46.0;;EQUIPO;136.0;Juvenil B;;;;
47.0;;EQUIPO;137.0;Filial;;;;
47.0;;EQUIPO;138.0;Juvenil A;;;;
47.0;;EQUIPO;139.0;Juvenil B;;;;
48.0;;EQUIPO;140.0;Filial;;;;
48.0;;EQUIPO;141.0;Juvenil A;;;;
48.0;;EQUIPO;142.0;Juvenil B;;;;
49.0;;EQUIPO;143.0;Filial;;;;
49.0;;EQUIPO;144.0;Juvenil A;;;;
49.0;;EQUIPO;145.0;Juvenil B;;;;
50.0;;EQUIPO;146.0;Filial;;;;
50.0;;EQUIPO;147.0;Juvenil A;;;;
50.0;;EQUIPO;148.0;Juvenil B;;;;
51.0;;EQUIPO;149.0;Filial;;;;
51.0;;EQUIPO;150.0;Juvenil A;;;;
51.0;;EQUIPO;151.0;Juvenil B;;;;
52.0;;EQUIPO;152.0;Filial;;;;
52.0;;EQUIPO;153.0;Juvenil A;;;;
52.0;;EQUIPO;154.0;Juvenil B;;;;
53.0;;EQUIPO;155.0;Filial;;;;
53.0;;EQUIPO;156.0;Juvenil A;;;;
53.0;;EQUIPO;157.0;Juvenil B;;;;
54.0;;EQUIPO;158.0;Filial;;;;
54.0;;EQUIPO;159.0;Juvenil A;;;;
54.0;;EQUIPO;160.0;Juvenil B;;;;
55.0;;EQUIPO;161.0;Filial;;;;
55.0;;EQUIPO;162.0;Juvenil A;;;;
55.0;;EQUIPO;163.0;Juvenil B;;;;
56.0;;EQUIPO;164.0;Filial;;;;
56.0;;EQUIPO;165.0;Juvenil A;;;;
56.0;;EQUIPO;166.0;Juvenil B;;;;
57.0;;EQUIPO;167.0;Filial;;;;
57.0;;EQUIPO;168.0;Juvenil A;;;;
57.0;;EQUIPO;169.0;Juvenil B;;;;
58.0;;EQUIPO;170.0;Filial;;;;
58.0;;EQUIPO;171.0;Juvenil A;;;;
58.0;;EQUIPO;172.0;Juvenil B;;;;
59.0;;EQUIPO;173.0;Filial;;;;
59.0;;EQUIPO;174.0;Juvenil A;;;;
59.0;;EQUIPO;175.0;Juvenil B;;;;
60.0;;EQUIPO;176.0;Filial;;;;
60.0;;EQUIPO;177.0;Juvenil A;;;;
60.0;;EQUIPO;178.0;Juvenil B;;;;
61.0;;EQUIPO;179.0;Filial;;;;
61.0;;EQUIPO;180.0;Juvenil A;;;;
61.0;;EQUIPO;181.0;Juvenil B;;;;
62.0;;EQUIPO;182.0;Filial;;;;
62.0;;EQUIPO;183.0;Juvenil A;;;;
62.0;;EQUIPO;184.0;Juvenil B;;;;
63.0;;EQUIPO;185.0;Filial;;;;
63.0;;EQUIPO;186.0;Juvenil A;;;;
63.0;;EQUIPO;187.0;Juvenil B;;;;
64.0;;EQUIPO;188.0;Filial;;;;
64.0;;EQUIPO;189.0;Juvenil A;;;;
64.0;;EQUIPO;190.0;Juvenil B;;;;
65.0;;EQUIPO;191.0;Filial;;;;
65.0;;EQUIPO;192.0;Juvenil A;;;;
65.0;;EQUIPO;193.0;Juvenil B;;;;
66.0;;EQUIPO;194.0;Filial;;;;
66.0;;EQUIPO;195.0;Juvenil A;;;;
66.0;;EQUIPO;196.0;Juvenil B;;;;
67.0;;EQUIPO;197.0;Filial;;;;
67.0;;EQUIPO;198.0;Juvenil A;;;;
67.0;;EQUIPO;199.0;Juvenil B;;;;
68.0;;EQUIPO;200.0;Filial;;;;
68.0;;EQUIPO;201.0;Juvenil A;;;;
68.0;;EQUIPO;202.0;Juvenil B;;;;
69.0;;EQUIPO;203.0;Filial;;;;
69.0;;EQUIPO;204.0;Juvenil A;;;;
69.0;;EQUIPO;205.0;Juvenil B;;;;
70.0;;EQUIPO;206.0;Filial;;;;
70.0;;EQUIPO;207.0;Juvenil A;;;;
70.0;;EQUIPO;208.0;Juvenil B;;;;
71.0;;EQUIPO;209.0;Filial;;;;
71.0;;EQUIPO;210.0;Juvenil A;;;;
71.0;;EQUIPO;211.0;Juvenil B;;;;
72.0;;EQUIPO;212.0;Filial;;;;
72.0;;EQUIPO;213.0;Juvenil A;;;;
72.0;;EQUIPO;214.0;Juvenil B;;;;
73.0;;EQUIPO;215.0;Filial;;;;
73.0;;EQUIPO;216.0;Juvenil A;;;;
73.0;;EQUIPO;217.0;Juvenil B;;;;
74.0;;EQUIPO;218.0;Filial;;;;
74.0;;EQUIPO;219.0;Juvenil A;;;;
74.0;;EQUIPO;220.0;Juvenil B;;;;
75.0;;EQUIPO;221.0;Filial;;;;
75.0;;EQUIPO;222.0;Juvenil A;;;;
75.0;;EQUIPO;223.0;Juvenil B;;;;
76.0;;EQUIPO;224.0;Filial;;;;
76.0;;EQUIPO;225.0;Juvenil A;;;;
76.0;;EQUIPO;226.0;Juvenil B;;;;
77.0;;EQUIPO;227.0;Filial;;;;
77.0;;EQUIPO;228.0;Juvenil A;;;;
77.0;;EQUIPO;229.0;Juvenil B;;;;
78.0;;EQUIPO;230.0;Filial;;;;
78.0;;EQUIPO;231.0;Juvenil A;;;;
78.0;;EQUIPO;232.0;Juvenil B;;;;
79.0;;EQUIPO;233.0;Filial;;;;
79.0;;EQUIPO;234.0;Juvenil A;;;;
79.0;;EQUIPO;235.0;Juvenil B;;;;
80.0;;EQUIPO;236.0;Filial;;;;
80.0;;EQUIPO;237.0;Juvenil A;;;;
80.0;;EQUIPO;238.0;Juvenil B;;;;
81.0;;EQUIPO;239.0;Filial;;;;
81.0;;EQUIPO;240.0;Juvenil A;;;;
81.0;;EQUIPO;241.0;Juvenil B;;;;
82.0;;EQUIPO;242.0;Filial;;;;
82.0;;EQUIPO;243.0;Juvenil A;;;;
82.0;;EQUIPO;244.0;Juvenil B;;;;
83.0;;EQUIPO;245.0;Filial;;;;
83.0;;EQUIPO;246.0;Juvenil A;;;;
83.0;;EQUIPO;247.0;Juvenil B;;;;
84.0;;EQUIPO;248.0;Filial;;;;
84.0;;EQUIPO;249.0;Juvenil A;;;;
84.0;;EQUIPO;250.0;Juvenil B;;;;
85.0;;EQUIPO;251.0;Filial;;;;
85.0;;EQUIPO;252.0;Juvenil A;;;;
85.0;;EQUIPO;253.0;Juvenil B;;;;
86.0;;EQUIPO;254.0;Filial;;;;
86.0;;EQUIPO;255.0;Juvenil A;;;;
86.0;;EQUIPO;256.0;Juvenil B;;;;
87.0;;EQUIPO;257.0;Filial;;;;
87.0;;EQUIPO;258.0;Juvenil A;;;;
87.0;;EQUIPO;259.0;Juvenil B;;;;
88.0;;EQUIPO;260.0;Filial;;;;
88.0;;EQUIPO;261.0;Juvenil A;;;;
88.0;;EQUIPO;262.0;Juvenil B;;;;
89.0;;EQUIPO;263.0;Filial;;;;
89.0;;EQUIPO;264.0;Juvenil A;;;;
89.0;;EQUIPO;265.0;Juvenil B;;;;
90.0;;EQUIPO;266.0;Filial;;;;
90.0;;EQUIPO;267.0;Juvenil A;;;;
90.0;;EQUIPO;268.0;Juvenil B;;;;
91.0;;EQUIPO;269.0;Filial;;;;
91.0;;EQUIPO;270.0;Juvenil A;;;;
91.0;;EQUIPO;271.0;Juvenil B;;;;
92.0;;EQUIPO;272.0;Filial;;;;
92.0;;EQUIPO;273.0;Juvenil A;;;;
92.0;;EQUIPO;274.0;Juvenil B;;;;
93.0;;EQUIPO;275.0;Filial;;;;
93.0;;EQUIPO;276.0;Juvenil A;;;;
93.0;;EQUIPO;277.0;Juvenil B;;;;
94.0;;EQUIPO;278.0;Filial;;;;
94.0;;EQUIPO;279.0;Juvenil A;;;;
94.0;;EQUIPO;280.0;Juvenil B;;;;
95.0;;EQUIPO;281.0;Filial;;;;
95.0;;EQUIPO;282.0;Juvenil A;;;;
95.0;;EQUIPO;283.0;Juvenil B;;;;
96.0;;EQUIPO;284.0;Filial;;;;
96.0;;EQUIPO;285.0;Juvenil A;;;;
96.0;;EQUIPO;286.0;Juvenil B;;;;
97.0;;EQUIPO;287.0;Filial;;;;
97.0;;EQUIPO;288.0;Juvenil A;;;;
97.0;;EQUIPO;289.0;Juvenil B;;;;
;Gonzalo;CUERPO_TECNICO;1.0;;1.0;Admin;admin@metricgoal.com;1234
;Luca;CUERPO_TECNICO;2.0;;2.0;Fernández (Primer Entrenador);lucfernández2@metricgoal.com;metricg0al.1234
;John;CUERPO_TECNICO;2.0;;3.0;Bernard (Segundo Entrenador);johbernard3@metricgoal.com;metricg0al.1234
;John;CUERPO_TECNICO;3.0;;4.0;Gómez (Primer Entrenador);johgómez4@metricgoal.com;metricg0al.1234
;Miguel;CUERPO_TECNICO;3.0;;5.0;García (Segundo Entrenador);miggarcía5@metricgoal.com;metricg0al.1234
;Joseph;CUERPO_TECNICO;4.0;;6.0;Weber (Primer Entrenador);josweber6@metricgoal.com;metricg0al.1234
;Luigi;CUERPO_TECNICO;4.0;;7.0;Colombo (Segundo Entrenador);luicolombo7@metricgoal.com;metricg0al.1234
;Jean;CUERPO_TECNICO;5.0;;8.0;Colombo (Primer Entrenador);jeacolombo8@metricgoal.com;metricg0al.1234
;Daniel;CUERPO_TECNICO;5.0;;9.0;Leroy (Segundo Entrenador);danleroy9@metricgoal.com;metricg0al.1234
;Daniel;CUERPO_TECNICO;6.0;;10.0;Leroy (Primer Entrenador);danleroy10@metricgoal.com;metricg0al.1234
;Jean;CUERPO_TECNICO;6.0;;11.0;Weber (Segundo Entrenador);jeaweber11@metricgoal.com;metricg0al.1234
;Pablo;CUERPO_TECNICO;7.0;;12.0;Smith (Primer Entrenador);pabsmith12@metricgoal.com;metricg0al.1234
;Klaus;CUERPO_TECNICO;7.0;;13.0;Marino (Segundo Entrenador);klamarino13@metricgoal.com;metricg0al.1234
;Francesco;CUERPO_TECNICO;8.0;;14.0;Davies (Primer Entrenador);fradavies14@metricgoal.com;metricg0al.1234
;Thomas;CUERPO_TECNICO;8.0;;15.0;Williams (Segundo Entrenador);thowilliams15@metricgoal.com;metricg0al.1234
;James;CUERPO_TECNICO;9.0;;16.0;Smith (Primer Entrenador);jamsmith16@metricgoal.com;metricg0al.1234
;Miguel;CUERPO_TECNICO;9.0;;17.0;Weber (Segundo Entrenador);migweber17@metricgoal.com;metricg0al.1234
;Stefan;CUERPO_TECNICO;10.0;;18.0;Petit (Primer Entrenador);stepetit18@metricgoal.com;metricg0al.1234
;Alejandro;CUERPO_TECNICO;10.0;;19.0;Johnson (Segundo Entrenador);alejohnson19@metricgoal.com;metricg0al.1234
;Louis;CUERPO_TECNICO;11.0;;20.0;Gallo (Primer Entrenador);lougallo20@metricgoal.com;metricg0al.1234
;Lukas;CUERPO_TECNICO;11.0;;21.0;Sánchez (Segundo Entrenador);luksánchez21@metricgoal.com;metricg0al.1234
;Daniel;CUERPO_TECNICO;12.0;;22.0;García (Primer Entrenador);dangarcía22@metricgoal.com;metricg0al.1234
;Paul;CUERPO_TECNICO;12.0;;23.0;Greco (Segundo Entrenador);paugreco23@metricgoal.com;metricg0al.1234
;Daniel;CUERPO_TECNICO;13.0;;24.0;Schmidt (Primer Entrenador);danschmidt24@metricgoal.com;metricg0al.1234
;Louis;CUERPO_TECNICO;13.0;;25.0;Johnson (Segundo Entrenador);loujohnson25@metricgoal.com;metricg0al.1234
;James;CUERPO_TECNICO;14.0;;26.0;Petit (Primer Entrenador);jampetit26@metricgoal.com;metricg0al.1234
;Stefan;CUERPO_TECNICO;14.0;;27.0;Taylor (Segundo Entrenador);stetaylor27@metricgoal.com;metricg0al.1234
;Luigi;CUERPO_TECNICO;15.0;;28.0;Schmidt (Primer Entrenador);luischmidt28@metricgoal.com;metricg0al.1234
;Carlos;CUERPO_TECNICO;15.0;;29.0;García (Segundo Entrenador);cargarcía29@metricgoal.com;metricg0al.1234
;Dieter;CUERPO_TECNICO;16.0;;30.0;Martínez (Primer Entrenador);diemartínez30@metricgoal.com;metricg0al.1234
;Antonio;CUERPO_TECNICO;16.0;;31.0;Williams (Segundo Entrenador);antwilliams31@metricgoal.com;metricg0al.1234
;Jürgen;CUERPO_TECNICO;17.0;;32.0;Leroy (Primer Entrenador);jürleroy32@metricgoal.com;metricg0al.1234
;John;CUERPO_TECNICO;17.0;;33.0;Richard (Segundo Entrenador);johrichard33@metricgoal.com;metricg0al.1234
;Klaus;CUERPO_TECNICO;18.0;;34.0;Smith (Primer Entrenador);klasmith34@metricgoal.com;metricg0al.1234
;Charles;CUERPO_TECNICO;18.0;;35.0;Romano (Segundo Entrenador);charomano35@metricgoal.com;metricg0al.1234
;Michael;CUERPO_TECNICO;19.0;;36.0;Ricci (Primer Entrenador);micricci36@metricgoal.com;metricg0al.1234
;Joseph;CUERPO_TECNICO;19.0;;37.0;Bernard (Segundo Entrenador);josbernard37@metricgoal.com;metricg0al.1234
;Marco;CUERPO_TECNICO;20.0;;38.0;Gallo (Primer Entrenador);margallo38@metricgoal.com;metricg0al.1234
;Hans;CUERPO_TECNICO;20.0;;39.0;Martínez (Segundo Entrenador);hanmartínez39@metricgoal.com;metricg0al.1234
;Carlos;CUERPO_TECNICO;21.0;;40.0;Wagner (Primer Entrenador);carwagner40@metricgoal.com;metricg0al.1234
;Luigi;CUERPO_TECNICO;21.0;;41.0;Martin (Segundo Entrenador);luimartin41@metricgoal.com;metricg0al.1234
;Jorge;CUERPO_TECNICO;22.0;;42.0;Schäfer (Primer Entrenador);jorschäfer42@metricgoal.com;metricg0al.1234
;Mario;CUERPO_TECNICO;22.0;;43.0;Johnson (Segundo Entrenador);marjohnson43@metricgoal.com;metricg0al.1234
;Dieter;CUERPO_TECNICO;23.0;;44.0;Rodríguez (Primer Entrenador);dierodríguez44@metricgoal.com;metricg0al.1234
;Michael;CUERPO_TECNICO;23.0;;45.0;Fernández (Segundo Entrenador);micfernández45@metricgoal.com;metricg0al.1234
;Javier;CUERPO_TECNICO;24.0;;46.0;Romano (Primer Entrenador);javromano46@metricgoal.com;metricg0al.1234
;Paul;CUERPO_TECNICO;24.0;;47.0;Jones (Segundo Entrenador);paujones47@metricgoal.com;metricg0al.1234
;Joseph;CUERPO_TECNICO;25.0;;48.0;Ricci (Primer Entrenador);josricci48@metricgoal.com;metricg0al.1234
;Roberto;CUERPO_TECNICO;25.0;;49.0;Koch (Segundo Entrenador);robkoch49@metricgoal.com;metricg0al.1234
;Javier;CUERPO_TECNICO;26.0;;50.0;Marino (Primer Entrenador);javmarino50@metricgoal.com;metricg0al.1234
;Francesco;CUERPO_TECNICO;26.0;;51.0;Marino (Segundo Entrenador);framarino51@metricgoal.com;metricg0al.1234
;Sergio;CUERPO_TECNICO;27.0;;52.0;Martínez (Primer Entrenador);sermartínez52@metricgoal.com;metricg0al.1234
;Javier;CUERPO_TECNICO;27.0;;53.0;Koch (Segundo Entrenador);javkoch53@metricgoal.com;metricg0al.1234
;Hugo;CUERPO_TECNICO;28.0;;54.0;Rossi (Primer Entrenador);hugrossi54@metricgoal.com;metricg0al.1234
;David;CUERPO_TECNICO;28.0;;55.0;Bernard (Segundo Entrenador);davbernard55@metricgoal.com;metricg0al.1234
;Lukas;CUERPO_TECNICO;29.0;;56.0;Gallo (Primer Entrenador);lukgallo56@metricgoal.com;metricg0al.1234
;Alessandro;CUERPO_TECNICO;29.0;;57.0;Bernard (Segundo Entrenador);alebernard57@metricgoal.com;metricg0al.1234
;Marco;CUERPO_TECNICO;30.0;;58.0;Wagner (Primer Entrenador);marwagner58@metricgoal.com;metricg0al.1234
;Roberto;CUERPO_TECNICO;30.0;;59.0;Greco (Segundo Entrenador);robgreco59@metricgoal.com;metricg0al.1234
;Julien;CUERPO_TECNICO;31.0;;60.0;Brown (Primer Entrenador);julbrown60@metricgoal.com;metricg0al.1234
;Giovanni;CUERPO_TECNICO;31.0;;61.0;López (Segundo Entrenador);giolópez61@metricgoal.com;metricg0al.1234
;Mario;CUERPO_TECNICO;32.0;;62.0;López (Primer Entrenador);marlópez62@metricgoal.com;metricg0al.1234
;Mario;CUERPO_TECNICO;32.0;;63.0;Williams (Segundo Entrenador);marwilliams63@metricgoal.com;metricg0al.1234
;Jean;CUERPO_TECNICO;33.0;;64.0;Dupont (Primer Entrenador);jeadupont64@metricgoal.com;metricg0al.1234
;Javier;CUERPO_TECNICO;33.0;;65.0;Bernard (Segundo Entrenador);javbernard65@metricgoal.com;metricg0al.1234
;Marcel;CUERPO_TECNICO;34.0;;66.0;Roux (Primer Entrenador);marroux66@metricgoal.com;metricg0al.1234
;Giovanni;CUERPO_TECNICO;34.0;;67.0;Fernández (Segundo Entrenador);giofernández67@metricgoal.com;metricg0al.1234
;Antonio;CUERPO_TECNICO;35.0;;68.0;Fernández (Primer Entrenador);antfernández68@metricgoal.com;metricg0al.1234
;Mario;CUERPO_TECNICO;35.0;;69.0;Weber (Segundo Entrenador);marweber69@metricgoal.com;metricg0al.1234
;Miguel;CUERPO_TECNICO;36.0;;70.0;Müller (Primer Entrenador);migmüller70@metricgoal.com;metricg0al.1234
;Michael;CUERPO_TECNICO;36.0;;71.0;Smith (Segundo Entrenador);micsmith71@metricgoal.com;metricg0al.1234
;Hugo;CUERPO_TECNICO;37.0;;72.0;Becker (Primer Entrenador);hugbecker72@metricgoal.com;metricg0al.1234
;Julien;CUERPO_TECNICO;37.0;;73.0;Jones (Segundo Entrenador);juljones73@metricgoal.com;metricg0al.1234
;Hans;CUERPO_TECNICO;38.0;;74.0;Becker (Primer Entrenador);hanbecker74@metricgoal.com;metricg0al.1234
;Miguel;CUERPO_TECNICO;38.0;;75.0;Martin (Segundo Entrenador);migmartin75@metricgoal.com;metricg0al.1234
;John;CUERPO_TECNICO;39.0;;76.0;Hoffmann (Primer Entrenador);johhoffmann76@metricgoal.com;metricg0al.1234
;Julien;CUERPO_TECNICO;39.0;;77.0;Sánchez (Segundo Entrenador);julsánchez77@metricgoal.com;metricg0al.1234
;Marco;CUERPO_TECNICO;40.0;;78.0;Müller (Primer Entrenador);marmüller78@metricgoal.com;metricg0al.1234
;Stefan;CUERPO_TECNICO;40.0;;79.0;Schäfer (Segundo Entrenador);steschäfer79@metricgoal.com;metricg0al.1234
;Mario;CUERPO_TECNICO;41.0;;80.0;Weber (Primer Entrenador);marweber80@metricgoal.com;metricg0al.1234
;Pablo;CUERPO_TECNICO;41.0;;81.0;Fernández (Segundo Entrenador);pabfernández81@metricgoal.com;metricg0al.1234
;Francesco;CUERPO_TECNICO;42.0;;82.0;Taylor (Primer Entrenador);frataylor82@metricgoal.com;metricg0al.1234
;Pierre;CUERPO_TECNICO;42.0;;83.0;Davies (Segundo Entrenador);piedavies83@metricgoal.com;metricg0al.1234
;Alejandro;CUERPO_TECNICO;43.0;;84.0;Wagner (Primer Entrenador);alewagner84@metricgoal.com;metricg0al.1234
;Jorge;CUERPO_TECNICO;43.0;;85.0;Koch (Segundo Entrenador);jorkoch85@metricgoal.com;metricg0al.1234
;Joseph;CUERPO_TECNICO;44.0;;86.0;Dupont (Primer Entrenador);josdupont86@metricgoal.com;metricg0al.1234
;Javier;CUERPO_TECNICO;44.0;;87.0;Romano (Segundo Entrenador);javromano87@metricgoal.com;metricg0al.1234
;Marco;CUERPO_TECNICO;45.0;;88.0;Roux (Primer Entrenador);marroux88@metricgoal.com;metricg0al.1234
;Antonio;CUERPO_TECNICO;45.0;;89.0;Gómez (Segundo Entrenador);antgómez89@metricgoal.com;metricg0al.1234
;Alejandro;CUERPO_TECNICO;46.0;;90.0;Rodríguez (Primer Entrenador);alerodríguez90@metricgoal.com;metricg0al.1234
;Jürgen;CUERPO_TECNICO;46.0;;91.0;Hoffmann (Segundo Entrenador);jürhoffmann91@metricgoal.com;metricg0al.1234
;Roberto;CUERPO_TECNICO;47.0;;92.0;Müller (Primer Entrenador);robmüller92@metricgoal.com;metricg0al.1234
;Roberto;CUERPO_TECNICO;47.0;;93.0;Petit (Segundo Entrenador);robpetit93@metricgoal.com;metricg0al.1234
;Mario;CUERPO_TECNICO;48.0;;94.0;Wagner (Primer Entrenador);marwagner94@metricgoal.com;metricg0al.1234
;James;CUERPO_TECNICO;48.0;;95.0;Brown (Segundo Entrenador);jambrown95@metricgoal.com;metricg0al.1234
;Luca;CUERPO_TECNICO;49.0;;96.0;Hoffmann (Primer Entrenador);luchoffmann96@metricgoal.com;metricg0al.1234
;Luigi;CUERPO_TECNICO;49.0;;97.0;Brown (Segundo Entrenador);luibrown97@metricgoal.com;metricg0al.1234
;John;CUERPO_TECNICO;50.0;;98.0;Dupont (Primer Entrenador);johdupont98@metricgoal.com;metricg0al.1234
;Lukas;CUERPO_TECNICO;50.0;;99.0;Ricci (Segundo Entrenador);lukricci99@metricgoal.com;metricg0al.1234
;Jürgen;CUERPO_TECNICO;51.0;;100.0;Richard (Primer Entrenador);jürrichard100@metricgoal.com;metricg0al.1234
;Francesco;CUERPO_TECNICO;51.0;;101.0;Petit (Segundo Entrenador);frapetit101@metricgoal.com;metricg0al.1234
;Antoine;CUERPO_TECNICO;52.0;;102.0;Martin (Primer Entrenador);antmartin102@metricgoal.com;metricg0al.1234
;Mario;CUERPO_TECNICO;52.0;;103.0;Bernard (Segundo Entrenador);marbernard103@metricgoal.com;metricg0al.1234
;Diego;CUERPO_TECNICO;53.0;;104.0;Johnson (Primer Entrenador);diejohnson104@metricgoal.com;metricg0al.1234
;Francesco;CUERPO_TECNICO;53.0;;105.0;Hoffmann (Segundo Entrenador);frahoffmann105@metricgoal.com;metricg0al.1234
;Paul;CUERPO_TECNICO;54.0;;106.0;Bianchi (Primer Entrenador);paubianchi106@metricgoal.com;metricg0al.1234
;Paul;CUERPO_TECNICO;54.0;;107.0;Fernández (Segundo Entrenador);paufernández107@metricgoal.com;metricg0al.1234
;Sergio;CUERPO_TECNICO;55.0;;108.0;Martin (Primer Entrenador);sermartin108@metricgoal.com;metricg0al.1234
;Antoine;CUERPO_TECNICO;55.0;;109.0;Schäfer (Segundo Entrenador);antschäfer109@metricgoal.com;metricg0al.1234
;Luca;CUERPO_TECNICO;56.0;;110.0;Wagner (Primer Entrenador);lucwagner110@metricgoal.com;metricg0al.1234
;John;CUERPO_TECNICO;56.0;;111.0;Richard (Segundo Entrenador);johrichard111@metricgoal.com;metricg0al.1234
;Javier;CUERPO_TECNICO;57.0;;112.0;Moreau (Primer Entrenador);javmoreau112@metricgoal.com;metricg0al.1234
;Paul;CUERPO_TECNICO;57.0;;113.0;Ricci (Segundo Entrenador);pauricci113@metricgoal.com;metricg0al.1234
;Luc;CUERPO_TECNICO;58.0;;114.0;Wagner (Primer Entrenador);lucwagner114@metricgoal.com;metricg0al.1234
;Alessandro;CUERPO_TECNICO;58.0;;115.0;Romano (Segundo Entrenador);aleromano115@metricgoal.com;metricg0al.1234
;Lukas;CUERPO_TECNICO;59.0;;116.0;Rodríguez (Primer Entrenador);lukrodríguez116@metricgoal.com;metricg0al.1234
;Paul;CUERPO_TECNICO;59.0;;117.0;Taylor (Segundo Entrenador);pautaylor117@metricgoal.com;metricg0al.1234
;Richard;CUERPO_TECNICO;60.0;;118.0;Taylor (Primer Entrenador);rictaylor118@metricgoal.com;metricg0al.1234
;Richard;CUERPO_TECNICO;60.0;;119.0;Müller (Segundo Entrenador);ricmüller119@metricgoal.com;metricg0al.1234
;Louis;CUERPO_TECNICO;61.0;;120.0;López (Primer Entrenador);loulópez120@metricgoal.com;metricg0al.1234
;Louis;CUERPO_TECNICO;61.0;;121.0;Müller (Segundo Entrenador);loumüller121@metricgoal.com;metricg0al.1234
;Javier;CUERPO_TECNICO;62.0;;122.0;Moreau (Primer Entrenador);javmoreau122@metricgoal.com;metricg0al.1234
;Carlos;CUERPO_TECNICO;62.0;;123.0;López (Segundo Entrenador);carlópez123@metricgoal.com;metricg0al.1234
;Alejandro;CUERPO_TECNICO;63.0;;124.0;Dupont (Primer Entrenador);aledupont124@metricgoal.com;metricg0al.1234
;Luca;CUERPO_TECNICO;63.0;;125.0;Martin (Segundo Entrenador);lucmartin125@metricgoal.com;metricg0al.1234
;Marco;CUERPO_TECNICO;64.0;;126.0;Bianchi (Primer Entrenador);marbianchi126@metricgoal.com;metricg0al.1234
;Daniel;CUERPO_TECNICO;64.0;;127.0;Colombo (Segundo Entrenador);dancolombo127@metricgoal.com;metricg0al.1234
;William;CUERPO_TECNICO;65.0;;128.0;Pérez (Primer Entrenador);wilpérez128@metricgoal.com;metricg0al.1234
;Paul;CUERPO_TECNICO;65.0;;129.0;Gómez (Segundo Entrenador);paugómez129@metricgoal.com;metricg0al.1234
;Pierre;CUERPO_TECNICO;66.0;;130.0;Sánchez (Primer Entrenador);piesánchez130@metricgoal.com;metricg0al.1234
;Paul;CUERPO_TECNICO;66.0;;131.0;Schäfer (Segundo Entrenador);pauschäfer131@metricgoal.com;metricg0al.1234
;Paul;CUERPO_TECNICO;67.0;;132.0;Davies (Primer Entrenador);paudavies132@metricgoal.com;metricg0al.1234
;Charles;CUERPO_TECNICO;67.0;;133.0;Brown (Segundo Entrenador);chabrown133@metricgoal.com;metricg0al.1234
;Daniel;CUERPO_TECNICO;68.0;;134.0;Williams (Primer Entrenador);danwilliams134@metricgoal.com;metricg0al.1234
;Francesco;CUERPO_TECNICO;68.0;;135.0;Jones (Segundo Entrenador);frajones135@metricgoal.com;metricg0al.1234
;Diego;CUERPO_TECNICO;69.0;;136.0;García (Primer Entrenador);diegarcía136@metricgoal.com;metricg0al.1234
;Antoine;CUERPO_TECNICO;69.0;;137.0;Leroy (Segundo Entrenador);antleroy137@metricgoal.com;metricg0al.1234
;Stefan;CUERPO_TECNICO;70.0;;138.0;Müller (Primer Entrenador);stemüller138@metricgoal.com;metricg0al.1234
;Pierre;CUERPO_TECNICO;70.0;;139.0;Wagner (Segundo Entrenador);piewagner139@metricgoal.com;metricg0al.1234
;Arthur;CUERPO_TECNICO;71.0;;140.0;Roux (Primer Entrenador);artroux140@metricgoal.com;metricg0al.1234
;David;CUERPO_TECNICO;71.0;;141.0;Weber (Segundo Entrenador);davweber141@metricgoal.com;metricg0al.1234
;Luca;CUERPO_TECNICO;72.0;;142.0;Hoffmann (Primer Entrenador);luchoffmann142@metricgoal.com;metricg0al.1234
;Dieter;CUERPO_TECNICO;72.0;;143.0;Martínez (Segundo Entrenador);diemartínez143@metricgoal.com;metricg0al.1234
;Carlos;CUERPO_TECNICO;73.0;;144.0;Martínez (Primer Entrenador);carmartínez144@metricgoal.com;metricg0al.1234
;Thomas;CUERPO_TECNICO;73.0;;145.0;Williams (Segundo Entrenador);thowilliams145@metricgoal.com;metricg0al.1234
;Daniel;CUERPO_TECNICO;74.0;;146.0;García (Primer Entrenador);dangarcía146@metricgoal.com;metricg0al.1234
;Thomas;CUERPO_TECNICO;74.0;;147.0;Davies (Segundo Entrenador);thodavies147@metricgoal.com;metricg0al.1234
;Antonio;CUERPO_TECNICO;75.0;;148.0;Ricci (Primer Entrenador);antricci148@metricgoal.com;metricg0al.1234
;Marcel;CUERPO_TECNICO;75.0;;149.0;López (Segundo Entrenador);marlópez149@metricgoal.com;metricg0al.1234
;Antoine;CUERPO_TECNICO;76.0;;150.0;Taylor (Primer Entrenador);anttaylor150@metricgoal.com;metricg0al.1234
;Mario;CUERPO_TECNICO;76.0;;151.0;Schäfer (Segundo Entrenador);marschäfer151@metricgoal.com;metricg0al.1234
;David;CUERPO_TECNICO;77.0;;152.0;Hoffmann (Primer Entrenador);davhoffmann152@metricgoal.com;metricg0al.1234
;Luigi;CUERPO_TECNICO;77.0;;153.0;Müller (Segundo Entrenador);luimüller153@metricgoal.com;metricg0al.1234
;Sergio;CUERPO_TECNICO;78.0;;154.0;Martin (Primer Entrenador);sermartin154@metricgoal.com;metricg0al.1234
;Sergio;CUERPO_TECNICO;78.0;;155.0;Smith (Segundo Entrenador);sersmith155@metricgoal.com;metricg0al.1234
;Hans;CUERPO_TECNICO;79.0;;156.0;Sánchez (Primer Entrenador);hansánchez156@metricgoal.com;metricg0al.1234
;Richard;CUERPO_TECNICO;79.0;;157.0;Sánchez (Segundo Entrenador);ricsánchez157@metricgoal.com;metricg0al.1234
;John;CUERPO_TECNICO;80.0;;158.0;Wagner (Primer Entrenador);johwagner158@metricgoal.com;metricg0al.1234
;David;CUERPO_TECNICO;80.0;;159.0;Rodríguez (Segundo Entrenador);davrodríguez159@metricgoal.com;metricg0al.1234
;Francesco;CUERPO_TECNICO;81.0;;160.0;Rossi (Primer Entrenador);frarossi160@metricgoal.com;metricg0al.1234
;Jürgen;CUERPO_TECNICO;81.0;;161.0;Schmidt (Segundo Entrenador);jürschmidt161@metricgoal.com;metricg0al.1234
;Javier;CUERPO_TECNICO;82.0;;162.0;Wagner (Primer Entrenador);javwagner162@metricgoal.com;metricg0al.1234
;Dieter;CUERPO_TECNICO;82.0;;163.0;Martin (Segundo Entrenador);diemartin163@metricgoal.com;metricg0al.1234
;Hugo;CUERPO_TECNICO;83.0;;164.0;Marino (Primer Entrenador);hugmarino164@metricgoal.com;metricg0al.1234
;Hans;CUERPO_TECNICO;83.0;;165.0;Martin (Segundo Entrenador);hanmartin165@metricgoal.com;metricg0al.1234
;Marcel;CUERPO_TECNICO;84.0;;166.0;Greco (Primer Entrenador);margreco166@metricgoal.com;metricg0al.1234
;Julien;CUERPO_TECNICO;84.0;;167.0;Moreau (Segundo Entrenador);julmoreau167@metricgoal.com;metricg0al.1234
;Hugo;CUERPO_TECNICO;85.0;;168.0;Leroy (Primer Entrenador);hugleroy168@metricgoal.com;metricg0al.1234
;Robert;CUERPO_TECNICO;85.0;;169.0;Pérez (Segundo Entrenador);robpérez169@metricgoal.com;metricg0al.1234
;Antoine;CUERPO_TECNICO;86.0;;170.0;Fernández (Primer Entrenador);antfernández170@metricgoal.com;metricg0al.1234
;Jorge;CUERPO_TECNICO;86.0;;171.0;Wagner (Segundo Entrenador);jorwagner171@metricgoal.com;metricg0al.1234
;Jürgen;CUERPO_TECNICO;87.0;;172.0;Fernández (Primer Entrenador);jürfernández172@metricgoal.com;metricg0al.1234
;Paul;CUERPO_TECNICO;87.0;;173.0;Fernández (Segundo Entrenador);paufernández173@metricgoal.com;metricg0al.1234
;Alejandro;CUERPO_TECNICO;88.0;;174.0;Smith (Primer Entrenador);alesmith174@metricgoal.com;metricg0al.1234
;Mario;CUERPO_TECNICO;88.0;;175.0;Müller (Segundo Entrenador);marmüller175@metricgoal.com;metricg0al.1234
;Louis;CUERPO_TECNICO;89.0;;176.0;Petit (Primer Entrenador);loupetit176@metricgoal.com;metricg0al.1234
;Hans;CUERPO_TECNICO;89.0;;177.0;Hoffmann (Segundo Entrenador);hanhoffmann177@metricgoal.com;metricg0al.1234
;Pierre;CUERPO_TECNICO;90.0;;178.0;Johnson (Primer Entrenador);piejohnson178@metricgoal.com;metricg0al.1234
;Louis;CUERPO_TECNICO;90.0;;179.0;Richard (Segundo Entrenador);lourichard179@metricgoal.com;metricg0al.1234
;Jürgen;CUERPO_TECNICO;91.0;;180.0;Davies (Primer Entrenador);jürdavies180@metricgoal.com;metricg0al.1234
;Marco;CUERPO_TECNICO;91.0;;181.0;Schmidt (Segundo Entrenador);marschmidt181@metricgoal.com;metricg0al.1234
;Felix;CUERPO_TECNICO;92.0;;182.0;Smith (Primer Entrenador);felsmith182@metricgoal.com;metricg0al.1234
;Jürgen;CUERPO_TECNICO;92.0;;183.0;Rossi (Segundo Entrenador);jürrossi183@metricgoal.com;metricg0al.1234
;Alejandro;CUERPO_TECNICO;93.0;;184.0;Moreau (Primer Entrenador);alemoreau184@metricgoal.com;metricg0al.1234
;Marcel;CUERPO_TECNICO;93.0;;185.0;Sánchez (Segundo Entrenador);marsánchez185@metricgoal.com;metricg0al.1234
;Luca;CUERPO_TECNICO;94.0;;186.0;Müller (Primer Entrenador);lucmüller186@metricgoal.com;metricg0al.1234
;David;CUERPO_TECNICO;94.0;;187.0;Brown (Segundo Entrenador);davbrown187@metricgoal.com;metricg0al.1234
;Giovanni;CUERPO_TECNICO;95.0;;188.0;Pérez (Primer Entrenador);giopérez188@metricgoal.com;metricg0al.1234
;Sergio;CUERPO_TECNICO;95.0;;189.0;Taylor (Segundo Entrenador);sertaylor189@metricgoal.com;metricg0al.1234
;Pablo;CUERPO_TECNICO;96.0;;190.0;Sánchez (Primer Entrenador);pabsánchez190@metricgoal.com;metricg0al.1234
;Miguel;CUERPO_TECNICO;96.0;;191.0;Martínez (Segundo Entrenador);migmartínez191@metricgoal.com;metricg0al.1234
;Jean;CUERPO_TECNICO;97.0;;192.0;Müller (Primer Entrenador);jeamüller192@metricgoal.com;metricg0al.1234
;Carlos;CUERPO_TECNICO;97.0;;193.0;Leroy (Segundo Entrenador);carleroy193@metricgoal.com;metricg0al.1234
;Lukas;CUERPO_TECNICO;98.0;;194.0;Leroy (Primer Entrenador);lukleroy194@metricgoal.com;metricg0al.1234
;Marcel;CUERPO_TECNICO;98.0;;195.0;Davies (Segundo Entrenador);mardavies195@metricgoal.com;metricg0al.1234
;Daniel;CUERPO_TECNICO;99.0;;196.0;Roux (Primer Entrenador);danroux196@metricgoal.com;metricg0al.1234
;Francesco;CUERPO_TECNICO;99.0;;197.0;Schäfer (Segundo Entrenador);fraschäfer197@metricgoal.com;metricg0al.1234
;Roberto;CUERPO_TECNICO;100.0;;198.0;López (Primer Entrenador);roblópez198@metricgoal.com;metricg0al.1234
;Luigi;CUERPO_TECNICO;100.0;;199.0;Taylor (Segundo Entrenador);luitaylor199@metricgoal.com;metricg0al.1234
;Hans;CUERPO_TECNICO;101.0;;200.0;Jones (Primer Entrenador);hanjones200@metricgoal.com;metricg0al.1234
;Robert;CUERPO_TECNICO;101.0;;201.0;Colombo (Segundo Entrenador);robcolombo201@metricgoal.com;metricg0al.1234
;Jean;CUERPO_TECNICO;102.0;;202.0;Davies (Primer Entrenador);jeadavies202@metricgoal.com;metricg0al.1234
;Marcel;CUERPO_TECNICO;102.0;;203.0;Richard (Segundo Entrenador);marrichard203@metricgoal.com;metricg0al.1234
;Alejandro;CUERPO_TECNICO;103.0;;204.0;Weber (Primer Entrenador);aleweber204@metricgoal.com;metricg0al.1234
;Arthur;CUERPO_TECNICO;103.0;;205.0;Schmidt (Segundo Entrenador);artschmidt205@metricgoal.com;metricg0al.1234
;Stefan;CUERPO_TECNICO;104.0;;206.0;Rossi (Primer Entrenador);sterossi206@metricgoal.com;metricg0al.1234
;Felix;CUERPO_TECNICO;104.0;;207.0;García (Segundo Entrenador);felgarcía207@metricgoal.com;metricg0al.1234
;Jürgen;CUERPO_TECNICO;105.0;;208.0;Petit (Primer Entrenador);jürpetit208@metricgoal.com;metricg0al.1234
;Julien;CUERPO_TECNICO;105.0;;209.0;Brown (Segundo Entrenador);julbrown209@metricgoal.com;metricg0al.1234
;Dieter;CUERPO_TECNICO;106.0;;210.0;Dupont (Primer Entrenador);diedupont210@metricgoal.com;metricg0al.1234
;Paul;CUERPO_TECNICO;106.0;;211.0;Müller (Segundo Entrenador);paumüller211@metricgoal.com;metricg0al.1234
;Alessandro;CUERPO_TECNICO;107.0;;212.0;Ricci (Primer Entrenador);alericci212@metricgoal.com;metricg0al.1234
;Alessandro;CUERPO_TECNICO;107.0;;213.0;Gallo (Segundo Entrenador);alegallo213@metricgoal.com;metricg0al.1234
;John;CUERPO_TECNICO;108.0;;214.0;Müller (Primer Entrenador);johmüller214@metricgoal.com;metricg0al.1234
;Hans;CUERPO_TECNICO;108.0;;215.0;Taylor (Segundo Entrenador);hantaylor215@metricgoal.com;metricg0al.1234
;Sergio;CUERPO_TECNICO;109.0;;216.0;Davies (Primer Entrenador);serdavies216@metricgoal.com;metricg0al.1234
;Louis;CUERPO_TECNICO;109.0;;217.0;Koch (Segundo Entrenador);loukoch217@metricgoal.com;metricg0al.1234
;John;CUERPO_TECNICO;110.0;;218.0;Martínez (Primer Entrenador);johmartínez218@metricgoal.com;metricg0al.1234
;Thomas;CUERPO_TECNICO;110.0;;219.0;Martin (Segundo Entrenador);thomartin219@metricgoal.com;metricg0al.1234
;Giovanni;CUERPO_TECNICO;111.0;;220.0;Richard (Primer Entrenador);giorichard220@metricgoal.com;metricg0al.1234
;Miguel;CUERPO_TECNICO;111.0;;221.0;Sánchez (Segundo Entrenador);migsánchez221@metricgoal.com;metricg0al.1234
;Charles;CUERPO_TECNICO;112.0;;222.0;Brown (Primer Entrenador);chabrown222@metricgoal.com;metricg0al.1234
;Charles;CUERPO_TECNICO;112.0;;223.0;Weber (Segundo Entrenador);chaweber223@metricgoal.com;metricg0al.1234
;James;CUERPO_TECNICO;113.0;;224.0;Richard (Primer Entrenador);jamrichard224@metricgoal.com;metricg0al.1234
;Julien;CUERPO_TECNICO;113.0;;225.0;Roux (Segundo Entrenador);julroux225@metricgoal.com;metricg0al.1234
;Michael;CUERPO_TECNICO;114.0;;226.0;Schmidt (Primer Entrenador);micschmidt226@metricgoal.com;metricg0al.1234
;Carlos;CUERPO_TECNICO;114.0;;227.0;Rodríguez (Segundo Entrenador);carrodríguez227@metricgoal.com;metricg0al.1234
;Miguel;CUERPO_TECNICO;115.0;;228.0;Bernard (Primer Entrenador);migbernard228@metricgoal.com;metricg0al.1234
;Paul;CUERPO_TECNICO;115.0;;229.0;Romano (Segundo Entrenador);pauromano229@metricgoal.com;metricg0al.1234
;Richard;CUERPO_TECNICO;116.0;;230.0;Leroy (Primer Entrenador);ricleroy230@metricgoal.com;metricg0al.1234
;Antoine;CUERPO_TECNICO;116.0;;231.0;Bernard (Segundo Entrenador);antbernard231@metricgoal.com;metricg0al.1234
;Charles;CUERPO_TECNICO;117.0;;232.0;Gallo (Primer Entrenador);chagallo232@metricgoal.com;metricg0al.1234
;John;CUERPO_TECNICO;117.0;;233.0;Taylor (Segundo Entrenador);johtaylor233@metricgoal.com;metricg0al.1234
;Paul;CUERPO_TECNICO;118.0;;234.0;Richard (Primer Entrenador);paurichard234@metricgoal.com;metricg0al.1234
;Felix;CUERPO_TECNICO;118.0;;235.0;Marino (Segundo Entrenador);felmarino235@metricgoal.com;metricg0al.1234
;Stefan;CUERPO_TECNICO;119.0;;236.0;Ricci (Primer Entrenador);stericci236@metricgoal.com;metricg0al.1234
;William;CUERPO_TECNICO;119.0;;237.0;Schäfer (Segundo Entrenador);wilschäfer237@metricgoal.com;metricg0al.1234
;James;CUERPO_TECNICO;120.0;;238.0;Roux (Primer Entrenador);jamroux238@metricgoal.com;metricg0al.1234
;Louis;CUERPO_TECNICO;120.0;;239.0;Müller (Segundo Entrenador);loumüller239@metricgoal.com;metricg0al.1234
;Robert;CUERPO_TECNICO;121.0;;240.0;Martínez (Primer Entrenador);robmartínez240@metricgoal.com;metricg0al.1234
;Javier;CUERPO_TECNICO;121.0;;241.0;Petit (Segundo Entrenador);javpetit241@metricgoal.com;metricg0al.1234
;Thomas;CUERPO_TECNICO;122.0;;242.0;Schäfer (Primer Entrenador);thoschäfer242@metricgoal.com;metricg0al.1234
;Robert;CUERPO_TECNICO;122.0;;243.0;Gómez (Segundo Entrenador);robgómez243@metricgoal.com;metricg0al.1234
;Luc;CUERPO_TECNICO;123.0;;244.0;Koch (Primer Entrenador);luckoch244@metricgoal.com;metricg0al.1234
;Jürgen;CUERPO_TECNICO;123.0;;245.0;Richard (Segundo Entrenador);jürrichard245@metricgoal.com;metricg0al.1234
;John;CUERPO_TECNICO;124.0;;246.0;Davies (Primer Entrenador);johdavies246@metricgoal.com;metricg0al.1234
;Pierre;CUERPO_TECNICO;124.0;;247.0;Sánchez (Segundo Entrenador);piesánchez247@metricgoal.com;metricg0al.1234
;William;CUERPO_TECNICO;125.0;;248.0;Romano (Primer Entrenador);wilromano248@metricgoal.com;metricg0al.1234
;Stefan;CUERPO_TECNICO;125.0;;249.0;López (Segundo Entrenador);stelópez249@metricgoal.com;metricg0al.1234
;Klaus;CUERPO_TECNICO;126.0;;250.0;Evans (Primer Entrenador);klaevans250@metricgoal.com;metricg0al.1234
;Jean;CUERPO_TECNICO;126.0;;251.0;Müller (Segundo Entrenador);jeamüller251@metricgoal.com;metricg0al.1234
;Julien;CUERPO_TECNICO;127.0;;252.0;Greco (Primer Entrenador);julgreco252@metricgoal.com;metricg0al.1234
;Francesco;CUERPO_TECNICO;127.0;;253.0;Becker (Segundo Entrenador);frabecker253@metricgoal.com;metricg0al.1234
;Roberto;CUERPO_TECNICO;128.0;;254.0;Romano (Primer Entrenador);robromano254@metricgoal.com;metricg0al.1234
;Pablo;CUERPO_TECNICO;128.0;;255.0;Roux (Segundo Entrenador);pabroux255@metricgoal.com;metricg0al.1234
;Stefan;CUERPO_TECNICO;129.0;;256.0;Becker (Primer Entrenador);stebecker256@metricgoal.com;metricg0al.1234
;Sergio;CUERPO_TECNICO;129.0;;257.0;Becker (Segundo Entrenador);serbecker257@metricgoal.com;metricg0al.1234
;Pablo;CUERPO_TECNICO;130.0;;258.0;Rossi (Primer Entrenador);pabrossi258@metricgoal.com;metricg0al.1234
;Daniel;CUERPO_TECNICO;130.0;;259.0;Rodríguez (Segundo Entrenador);danrodríguez259@metricgoal.com;metricg0al.1234
;Alejandro;CUERPO_TECNICO;131.0;;260.0;Martínez (Primer Entrenador);alemartínez260@metricgoal.com;metricg0al.1234
;Jean;CUERPO_TECNICO;131.0;;261.0;Gómez (Segundo Entrenador);jeagómez261@metricgoal.com;metricg0al.1234
;Louis;CUERPO_TECNICO;132.0;;262.0;Johnson (Primer Entrenador);loujohnson262@metricgoal.com;metricg0al.1234
;Michael;CUERPO_TECNICO;132.0;;263.0;Fernández (Segundo Entrenador);micfernández263@metricgoal.com;metricg0al.1234
;Javier;CUERPO_TECNICO;133.0;;264.0;Petit (Primer Entrenador);javpetit264@metricgoal.com;metricg0al.1234
;Thomas;CUERPO_TECNICO;133.0;;265.0;Johnson (Segundo Entrenador);thojohnson265@metricgoal.com;metricg0al.1234
;Antoine;CUERPO_TECNICO;134.0;;266.0;Evans (Primer Entrenador);antevans266@metricgoal.com;metricg0al.1234
;David;CUERPO_TECNICO;134.0;;267.0;Schäfer (Segundo Entrenador);davschäfer267@metricgoal.com;metricg0al.1234
;James;CUERPO_TECNICO;135.0;;268.0;Marino (Primer Entrenador);jammarino268@metricgoal.com;metricg0al.1234
;Pablo;CUERPO_TECNICO;135.0;;269.0;Becker (Segundo Entrenador);pabbecker269@metricgoal.com;metricg0al.1234
;Antoine;CUERPO_TECNICO;136.0;;270.0;Gómez (Primer Entrenador);antgómez270@metricgoal.com;metricg0al.1234
;Jorge;CUERPO_TECNICO;136.0;;271.0;Moreau (Segundo Entrenador);jormoreau271@metricgoal.com;metricg0al.1234
;Thomas;CUERPO_TECNICO;137.0;;272.0;Fernández (Primer Entrenador);thofernández272@metricgoal.com;metricg0al.1234
;Klaus;CUERPO_TECNICO;137.0;;273.0;Müller (Segundo Entrenador);klamüller273@metricgoal.com;metricg0al.1234
;Robert;CUERPO_TECNICO;138.0;;274.0;Gallo (Primer Entrenador);robgallo274@metricgoal.com;metricg0al.1234
;Hugo;CUERPO_TECNICO;138.0;;275.0;Martin (Segundo Entrenador);hugmartin275@metricgoal.com;metricg0al.1234
;Marco;CUERPO_TECNICO;139.0;;276.0;Richard (Primer Entrenador);marrichard276@metricgoal.com;metricg0al.1234
;Joseph;CUERPO_TECNICO;139.0;;277.0;Colombo (Segundo Entrenador);joscolombo277@metricgoal.com;metricg0al.1234
;Alessandro;CUERPO_TECNICO;140.0;;278.0;López (Primer Entrenador);alelópez278@metricgoal.com;metricg0al.1234
;Luc;CUERPO_TECNICO;140.0;;279.0;Martínez (Segundo Entrenador);lucmartínez279@metricgoal.com;metricg0al.1234
;Miguel;CUERPO_TECNICO;141.0;;280.0;Colombo (Primer Entrenador);migcolombo280@metricgoal.com;metricg0al.1234
;Klaus;CUERPO_TECNICO;141.0;;281.0;López (Segundo Entrenador);klalópez281@metricgoal.com;metricg0al.1234
;Roberto;CUERPO_TECNICO;142.0;;282.0;Fernández (Primer Entrenador);robfernández282@metricgoal.com;metricg0al.1234
;Javier;CUERPO_TECNICO;142.0;;283.0;Sánchez (Segundo Entrenador);javsánchez283@metricgoal.com;metricg0al.1234
;Michael;CUERPO_TECNICO;143.0;;284.0;Martin (Primer Entrenador);micmartin284@metricgoal.com;metricg0al.1234
;James;CUERPO_TECNICO;143.0;;285.0;Gómez (Segundo Entrenador);jamgómez285@metricgoal.com;metricg0al.1234
;Daniel;CUERPO_TECNICO;144.0;;286.0;Hoffmann (Primer Entrenador);danhoffmann286@metricgoal.com;metricg0al.1234
;Luca;CUERPO_TECNICO;144.0;;287.0;Marino (Segundo Entrenador);lucmarino287@metricgoal.com;metricg0al.1234
;John;CUERPO_TECNICO;145.0;;288.0;Martin (Primer Entrenador);johmartin288@metricgoal.com;metricg0al.1234
;Luigi;CUERPO_TECNICO;145.0;;289.0;Dupont (Segundo Entrenador);luidupont289@metricgoal.com;metricg0al.1234
;Antonio;CUERPO_TECNICO;146.0;;290.0;Petit (Primer Entrenador);antpetit290@metricgoal.com;metricg0al.1234
;Marco;CUERPO_TECNICO;146.0;;291.0;Bernard (Segundo Entrenador);marbernard291@metricgoal.com;metricg0al.1234
;Daniel;CUERPO_TECNICO;147.0;;292.0;Gómez (Primer Entrenador);dangómez292@metricgoal.com;metricg0al.1234
;Marcel;CUERPO_TECNICO;147.0;;293.0;Williams (Segundo Entrenador);marwilliams293@metricgoal.com;metricg0al.1234
;Stefan;CUERPO_TECNICO;148.0;;294.0;Pérez (Primer Entrenador);stepérez294@metricgoal.com;metricg0al.1234
;Felix;CUERPO_TECNICO;148.0;;295.0;Martin (Segundo Entrenador);felmartin295@metricgoal.com;metricg0al.1234
;Lukas;CUERPO_TECNICO;149.0;;296.0;Bianchi (Primer Entrenador);lukbianchi296@metricgoal.com;metricg0al.1234
;Lukas;CUERPO_TECNICO;149.0;;297.0;Sánchez (Segundo Entrenador);luksánchez297@metricgoal.com;metricg0al.1234
;Marcel;CUERPO_TECNICO;150.0;;298.0;Martin (Primer Entrenador);marmartin298@metricgoal.com;metricg0al.1234
;Mario;CUERPO_TECNICO;150.0;;299.0;Smith (Segundo Entrenador);marsmith299@metricgoal.com;metricg0al.1234
;Michael;CUERPO_TECNICO;151.0;;300.0;Petit (Primer Entrenador);micpetit300@metricgoal.com;metricg0al.1234
;Felix;CUERPO_TECNICO;151.0;;301.0;Becker (Segundo Entrenador);felbecker301@metricgoal.com;metricg0al.1234
;Giovanni;CUERPO_TECNICO;152.0;;302.0;Colombo (Primer Entrenador);giocolombo302@metricgoal.com;metricg0al.1234
;Giovanni;CUERPO_TECNICO;152.0;;303.0;Williams (Segundo Entrenador);giowilliams303@metricgoal.com;metricg0al.1234
;Richard;CUERPO_TECNICO;153.0;;304.0;Greco (Primer Entrenador);ricgreco304@metricgoal.com;metricg0al.1234
;Carlos;CUERPO_TECNICO;153.0;;305.0;Hoffmann (Segundo Entrenador);carhoffmann305@metricgoal.com;metricg0al.1234
;William;CUERPO_TECNICO;154.0;;306.0;Schäfer (Primer Entrenador);wilschäfer306@metricgoal.com;metricg0al.1234
;Alessandro;CUERPO_TECNICO;154.0;;307.0;Weber (Segundo Entrenador);aleweber307@metricgoal.com;metricg0al.1234
;Michael;CUERPO_TECNICO;155.0;;308.0;Davies (Primer Entrenador);micdavies308@metricgoal.com;metricg0al.1234
;Luc;CUERPO_TECNICO;155.0;;309.0;Rossi (Segundo Entrenador);lucrossi309@metricgoal.com;metricg0al.1234
;Luca;CUERPO_TECNICO;156.0;;310.0;Taylor (Primer Entrenador);luctaylor310@metricgoal.com;metricg0al.1234
;Richard;CUERPO_TECNICO;156.0;;311.0;Jones (Segundo Entrenador);ricjones311@metricgoal.com;metricg0al.1234
;Alessandro;CUERPO_TECNICO;157.0;;312.0;Smith (Primer Entrenador);alesmith312@metricgoal.com;metricg0al.1234
;Daniel;CUERPO_TECNICO;157.0;;313.0;Sánchez (Segundo Entrenador);dansánchez313@metricgoal.com;metricg0al.1234
;Daniel;CUERPO_TECNICO;158.0;;314.0;Jones (Primer Entrenador);danjones314@metricgoal.com;metricg0al.1234
;Javier;CUERPO_TECNICO;158.0;;315.0;Petit (Segundo Entrenador);javpetit315@metricgoal.com;metricg0al.1234
;Antoine;CUERPO_TECNICO;159.0;;316.0;Pérez (Primer Entrenador);antpérez316@metricgoal.com;metricg0al.1234
;Dieter;CUERPO_TECNICO;159.0;;317.0;Becker (Segundo Entrenador);diebecker317@metricgoal.com;metricg0al.1234
;Antoine;CUERPO_TECNICO;160.0;;318.0;Roux (Primer Entrenador);antroux318@metricgoal.com;metricg0al.1234
;Sergio;CUERPO_TECNICO;160.0;;319.0;Marino (Segundo Entrenador);sermarino319@metricgoal.com;metricg0al.1234
;Alessandro;CUERPO_TECNICO;161.0;;320.0;Smith (Primer Entrenador);alesmith320@metricgoal.com;metricg0al.1234
;Jürgen;CUERPO_TECNICO;161.0;;321.0;Petit (Segundo Entrenador);jürpetit321@metricgoal.com;metricg0al.1234
;Alejandro;CUERPO_TECNICO;162.0;;322.0;Colombo (Primer Entrenador);alecolombo322@metricgoal.com;metricg0al.1234
;Antoine;CUERPO_TECNICO;162.0;;323.0;Sánchez (Segundo Entrenador);antsánchez323@metricgoal.com;metricg0al.1234
;John;CUERPO_TECNICO;163.0;;324.0;Leroy (Primer Entrenador);johleroy324@metricgoal.com;metricg0al.1234
;Luigi;CUERPO_TECNICO;163.0;;325.0;Gallo (Segundo Entrenador);luigallo325@metricgoal.com;metricg0al.1234
;Francesco;CUERPO_TECNICO;164.0;;326.0;Wagner (Primer Entrenador);frawagner326@metricgoal.com;metricg0al.1234
;Alejandro;CUERPO_TECNICO;164.0;;327.0;Davies (Segundo Entrenador);aledavies327@metricgoal.com;metricg0al.1234
;Charles;CUERPO_TECNICO;165.0;;328.0;Marino (Primer Entrenador);chamarino328@metricgoal.com;metricg0al.1234
;Carlos;CUERPO_TECNICO;165.0;;329.0;Bernard (Segundo Entrenador);carbernard329@metricgoal.com;metricg0al.1234
;Richard;CUERPO_TECNICO;166.0;;330.0;Bernard (Primer Entrenador);ricbernard330@metricgoal.com;metricg0al.1234
;Hugo;CUERPO_TECNICO;166.0;;331.0;Moreau (Segundo Entrenador);hugmoreau331@metricgoal.com;metricg0al.1234
;John;CUERPO_TECNICO;167.0;;332.0;Smith (Primer Entrenador);johsmith332@metricgoal.com;metricg0al.1234
;Hans;CUERPO_TECNICO;167.0;;333.0;Pérez (Segundo Entrenador);hanpérez333@metricgoal.com;metricg0al.1234
;Stefan;CUERPO_TECNICO;168.0;;334.0;Taylor (Primer Entrenador);stetaylor334@metricgoal.com;metricg0al.1234
;Francesco;CUERPO_TECNICO;168.0;;335.0;Gómez (Segundo Entrenador);fragómez335@metricgoal.com;metricg0al.1234
;Luca;CUERPO_TECNICO;169.0;;336.0;Petit (Primer Entrenador);lucpetit336@metricgoal.com;metricg0al.1234
;Javier;CUERPO_TECNICO;169.0;;337.0;Colombo (Segundo Entrenador);javcolombo337@metricgoal.com;metricg0al.1234
;Hans;CUERPO_TECNICO;170.0;;338.0;Rodríguez (Primer Entrenador);hanrodríguez338@metricgoal.com;metricg0al.1234
;Lukas;CUERPO_TECNICO;170.0;;339.0;Richard (Segundo Entrenador);lukrichard339@metricgoal.com;metricg0al.1234
;Pierre;CUERPO_TECNICO;171.0;;340.0;Müller (Primer Entrenador);piemüller340@metricgoal.com;metricg0al.1234
;Paul;CUERPO_TECNICO;171.0;;341.0;Greco (Segundo Entrenador);paugreco341@metricgoal.com;metricg0al.1234
;Alessandro;CUERPO_TECNICO;172.0;;342.0;Pérez (Primer Entrenador);alepérez342@metricgoal.com;metricg0al.1234
;Giovanni;CUERPO_TECNICO;172.0;;343.0;Williams (Segundo Entrenador);giowilliams343@metricgoal.com;metricg0al.1234
;Richard;CUERPO_TECNICO;173.0;;344.0;Martin (Primer Entrenador);ricmartin344@metricgoal.com;metricg0al.1234
;Mario;CUERPO_TECNICO;173.0;;345.0;Jones (Segundo Entrenador);marjones345@metricgoal.com;metricg0al.1234
;John;CUERPO_TECNICO;174.0;;346.0;Rodríguez (Primer Entrenador);johrodríguez346@metricgoal.com;metricg0al.1234
;Louis;CUERPO_TECNICO;174.0;;347.0;Bianchi (Segundo Entrenador);loubianchi347@metricgoal.com;metricg0al.1234
;Lukas;CUERPO_TECNICO;175.0;;348.0;López (Primer Entrenador);luklópez348@metricgoal.com;metricg0al.1234
;David;CUERPO_TECNICO;175.0;;349.0;García (Segundo Entrenador);davgarcía349@metricgoal.com;metricg0al.1234
;Luca;CUERPO_TECNICO;176.0;;350.0;Pérez (Primer Entrenador);lucpérez350@metricgoal.com;metricg0al.1234
;Charles;CUERPO_TECNICO;176.0;;351.0;Greco (Segundo Entrenador);chagreco351@metricgoal.com;metricg0al.1234
;Thomas;CUERPO_TECNICO;177.0;;352.0;Davies (Primer Entrenador);thodavies352@metricgoal.com;metricg0al.1234
;John;CUERPO_TECNICO;177.0;;353.0;Marino (Segundo Entrenador);johmarino353@metricgoal.com;metricg0al.1234
;Carlos;CUERPO_TECNICO;178.0;;354.0;Pérez (Primer Entrenador);carpérez354@metricgoal.com;metricg0al.1234
;Jürgen;CUERPO_TECNICO;178.0;;355.0;Leroy (Segundo Entrenador);jürleroy355@metricgoal.com;metricg0al.1234
;Javier;CUERPO_TECNICO;179.0;;356.0;Bernard (Primer Entrenador);javbernard356@metricgoal.com;metricg0al.1234
;Jorge;CUERPO_TECNICO;179.0;;357.0;Jones (Segundo Entrenador);jorjones357@metricgoal.com;metricg0al.1234
;Joseph;CUERPO_TECNICO;180.0;;358.0;Leroy (Primer Entrenador);josleroy358@metricgoal.com;metricg0al.1234
;Thomas;CUERPO_TECNICO;180.0;;359.0;Rossi (Segundo Entrenador);thorossi359@metricgoal.com;metricg0al.1234
;Sergio;CUERPO_TECNICO;181.0;;360.0;Leroy (Primer Entrenador);serleroy360@metricgoal.com;metricg0al.1234
;Arthur;CUERPO_TECNICO;181.0;;361.0;Weber (Segundo Entrenador);artweber361@metricgoal.com;metricg0al.1234
;David;CUERPO_TECNICO;182.0;;362.0;Müller (Primer Entrenador);davmüller362@metricgoal.com;metricg0al.1234
;Antonio;CUERPO_TECNICO;182.0;;363.0;Sánchez (Segundo Entrenador);antsánchez363@metricgoal.com;metricg0al.1234
;Julien;CUERPO_TECNICO;183.0;;364.0;Müller (Primer Entrenador);julmüller364@metricgoal.com;metricg0al.1234
;Luca;CUERPO_TECNICO;183.0;;365.0;Ricci (Segundo Entrenador);lucricci365@metricgoal.com;metricg0al.1234
;Mario;CUERPO_TECNICO;184.0;;366.0;Pérez (Primer Entrenador);marpérez366@metricgoal.com;metricg0al.1234
;Daniel;CUERPO_TECNICO;184.0;;367.0;Pérez (Segundo Entrenador);danpérez367@metricgoal.com;metricg0al.1234
;Giovanni;CUERPO_TECNICO;185.0;;368.0;Koch (Primer Entrenador);giokoch368@metricgoal.com;metricg0al.1234
;Julien;CUERPO_TECNICO;185.0;;369.0;Evans (Segundo Entrenador);julevans369@metricgoal.com;metricg0al.1234
;Alejandro;CUERPO_TECNICO;186.0;;370.0;Schäfer (Primer Entrenador);aleschäfer370@metricgoal.com;metricg0al.1234
;Jean;CUERPO_TECNICO;186.0;;371.0;Koch (Segundo Entrenador);jeakoch371@metricgoal.com;metricg0al.1234
;Javier;CUERPO_TECNICO;187.0;;372.0;Müller (Primer Entrenador);javmüller372@metricgoal.com;metricg0al.1234
;John;CUERPO_TECNICO;187.0;;373.0;Johnson (Segundo Entrenador);johjohnson373@metricgoal.com;metricg0al.1234
;Stefan;CUERPO_TECNICO;188.0;;374.0;Gómez (Primer Entrenador);stegómez374@metricgoal.com;metricg0al.1234
;Louis;CUERPO_TECNICO;188.0;;375.0;Sánchez (Segundo Entrenador);lousánchez375@metricgoal.com;metricg0al.1234
;Julien;CUERPO_TECNICO;189.0;;376.0;Bianchi (Primer Entrenador);julbianchi376@metricgoal.com;metricg0al.1234
;Jürgen;CUERPO_TECNICO;189.0;;377.0;Leroy (Segundo Entrenador);jürleroy377@metricgoal.com;metricg0al.1234
;Joseph;CUERPO_TECNICO;190.0;;378.0;Colombo (Primer Entrenador);joscolombo378@metricgoal.com;metricg0al.1234
;Alessandro;CUERPO_TECNICO;190.0;;379.0;Bernard (Segundo Entrenador);alebernard379@metricgoal.com;metricg0al.1234
;Thomas;CUERPO_TECNICO;191.0;;380.0;Bernard (Primer Entrenador);thobernard380@metricgoal.com;metricg0al.1234
;Giovanni;CUERPO_TECNICO;191.0;;381.0;Jones (Segundo Entrenador);giojones381@metricgoal.com;metricg0al.1234
;Luca;CUERPO_TECNICO;192.0;;382.0;Williams (Primer Entrenador);lucwilliams382@metricgoal.com;metricg0al.1234
;Giovanni;CUERPO_TECNICO;192.0;;383.0;Schmidt (Segundo Entrenador);gioschmidt383@metricgoal.com;metricg0al.1234
;Miguel;CUERPO_TECNICO;193.0;;384.0;Koch (Primer Entrenador);migkoch384@metricgoal.com;metricg0al.1234
;John;CUERPO_TECNICO;193.0;;385.0;García (Segundo Entrenador);johgarcía385@metricgoal.com;metricg0al.1234
;Robert;CUERPO_TECNICO;194.0;;386.0;Schmidt (Primer Entrenador);robschmidt386@metricgoal.com;metricg0al.1234
;Marcel;CUERPO_TECNICO;194.0;;387.0;Gómez (Segundo Entrenador);margómez387@metricgoal.com;metricg0al.1234
;Julien;CUERPO_TECNICO;195.0;;388.0;Martin (Primer Entrenador);julmartin388@metricgoal.com;metricg0al.1234
;Jürgen;CUERPO_TECNICO;195.0;;389.0;Johnson (Segundo Entrenador);jürjohnson389@metricgoal.com;metricg0al.1234
;Giovanni;CUERPO_TECNICO;196.0;;390.0;Johnson (Primer Entrenador);giojohnson390@metricgoal.com;metricg0al.1234
;Dieter;CUERPO_TECNICO;196.0;;391.0;Martínez (Segundo Entrenador);diemartínez391@metricgoal.com;metricg0al.1234
;Daniel;CUERPO_TECNICO;197.0;;392.0;Schmidt (Primer Entrenador);danschmidt392@metricgoal.com;metricg0al.1234
;Arthur;CUERPO_TECNICO;197.0;;393.0;Fernández (Segundo Entrenador);artfernández393@metricgoal.com;metricg0al.1234
;John;CUERPO_TECNICO;198.0;;394.0;Fernández (Primer Entrenador);johfernández394@metricgoal.com;metricg0al.1234
;Antoine;CUERPO_TECNICO;198.0;;395.0;Sánchez (Segundo Entrenador);antsánchez395@metricgoal.com;metricg0al.1234
;Robert;CUERPO_TECNICO;199.0;;396.0;Petit (Primer Entrenador);robpetit396@metricgoal.com;metricg0al.1234
;Diego;CUERPO_TECNICO;199.0;;397.0;Smith (Segundo Entrenador);diesmith397@metricgoal.com;metricg0al.1234
;Dieter;CUERPO_TECNICO;200.0;;398.0;Davies (Primer Entrenador);diedavies398@metricgoal.com;metricg0al.1234
;Miguel;CUERPO_TECNICO;200.0;;399.0;Bianchi (Segundo Entrenador);migbianchi399@metricgoal.com;metricg0al.1234
;Alejandro;CUERPO_TECNICO;201.0;;400.0;Greco (Primer Entrenador);alegreco400@metricgoal.com;metricg0al.1234
;Arthur;CUERPO_TECNICO;201.0;;401.0;Fernández (Segundo Entrenador);artfernández401@metricgoal.com;metricg0al.1234
;Roberto;CUERPO_TECNICO;202.0;;402.0;López (Primer Entrenador);roblópez402@metricgoal.com;metricg0al.1234
;Jürgen;CUERPO_TECNICO;202.0;;403.0;Bernard (Segundo Entrenador);jürbernard403@metricgoal.com;metricg0al.1234
;Sergio;CUERPO_TECNICO;203.0;;404.0;Rossi (Primer Entrenador);serrossi404@metricgoal.com;metricg0al.1234
;Hans;CUERPO_TECNICO;203.0;;405.0;Colombo (Segundo Entrenador);hancolombo405@metricgoal.com;metricg0al.1234
;Luca;CUERPO_TECNICO;204.0;;406.0;Becker (Primer Entrenador);lucbecker406@metricgoal.com;metricg0al.1234
;Antoine;CUERPO_TECNICO;204.0;;407.0;Rossi (Segundo Entrenador);antrossi407@metricgoal.com;metricg0al.1234
;Klaus;CUERPO_TECNICO;205.0;;408.0;Sánchez (Primer Entrenador);klasánchez408@metricgoal.com;metricg0al.1234
;Marcel;CUERPO_TECNICO;205.0;;409.0;Weber (Segundo Entrenador);marweber409@metricgoal.com;metricg0al.1234
;James;CUERPO_TECNICO;206.0;;410.0;Müller (Primer Entrenador);jammüller410@metricgoal.com;metricg0al.1234
;Arthur;CUERPO_TECNICO;206.0;;411.0;Bernard (Segundo Entrenador);artbernard411@metricgoal.com;metricg0al.1234
;John;CUERPO_TECNICO;207.0;;412.0;Roux (Primer Entrenador);johroux412@metricgoal.com;metricg0al.1234
;John;CUERPO_TECNICO;207.0;;413.0;Martin (Segundo Entrenador);johmartin413@metricgoal.com;metricg0al.1234
;Julien;CUERPO_TECNICO;208.0;;414.0;Koch (Primer Entrenador);julkoch414@metricgoal.com;metricg0al.1234
;Robert;CUERPO_TECNICO;208.0;;415.0;Martínez (Segundo Entrenador);robmartínez415@metricgoal.com;metricg0al.1234
;Hugo;CUERPO_TECNICO;209.0;;416.0;Leroy (Primer Entrenador);hugleroy416@metricgoal.com;metricg0al.1234
;Joseph;CUERPO_TECNICO;209.0;;417.0;Roux (Segundo Entrenador);josroux417@metricgoal.com;metricg0al.1234
;Antonio;CUERPO_TECNICO;210.0;;418.0;Roux (Primer Entrenador);antroux418@metricgoal.com;metricg0al.1234
;Francesco;CUERPO_TECNICO;210.0;;419.0;Jones (Segundo Entrenador);frajones419@metricgoal.com;metricg0al.1234
;Thomas;CUERPO_TECNICO;211.0;;420.0;Bianchi (Primer Entrenador);thobianchi420@metricgoal.com;metricg0al.1234
;Hans;CUERPO_TECNICO;211.0;;421.0;Koch (Segundo Entrenador);hankoch421@metricgoal.com;metricg0al.1234
;Julien;CUERPO_TECNICO;212.0;;422.0;Martínez (Primer Entrenador);julmartínez422@metricgoal.com;metricg0al.1234
;Klaus;CUERPO_TECNICO;212.0;;423.0;Moreau (Segundo Entrenador);klamoreau423@metricgoal.com;metricg0al.1234
;Miguel;CUERPO_TECNICO;213.0;;424.0;Gómez (Primer Entrenador);miggómez424@metricgoal.com;metricg0al.1234
;John;CUERPO_TECNICO;213.0;;425.0;Smith (Segundo Entrenador);johsmith425@metricgoal.com;metricg0al.1234
;Luc;CUERPO_TECNICO;214.0;;426.0;Fernández (Primer Entrenador);lucfernández426@metricgoal.com;metricg0al.1234
;John;CUERPO_TECNICO;214.0;;427.0;Hoffmann (Segundo Entrenador);johhoffmann427@metricgoal.com;metricg0al.1234
;Jürgen;CUERPO_TECNICO;215.0;;428.0;López (Primer Entrenador);jürlópez428@metricgoal.com;metricg0al.1234
;Mario;CUERPO_TECNICO;215.0;;429.0;Davies (Segundo Entrenador);mardavies429@metricgoal.com;metricg0al.1234
;Jorge;CUERPO_TECNICO;216.0;;430.0;Moreau (Primer Entrenador);jormoreau430@metricgoal.com;metricg0al.1234
;Robert;CUERPO_TECNICO;216.0;;431.0;Wagner (Segundo Entrenador);robwagner431@metricgoal.com;metricg0al.1234
;Roberto;CUERPO_TECNICO;217.0;;432.0;López (Primer Entrenador);roblópez432@metricgoal.com;metricg0al.1234
;Giovanni;CUERPO_TECNICO;217.0;;433.0;Koch (Segundo Entrenador);giokoch433@metricgoal.com;metricg0al.1234
;Louis;CUERPO_TECNICO;218.0;;434.0;Hoffmann (Primer Entrenador);louhoffmann434@metricgoal.com;metricg0al.1234
;Jean;CUERPO_TECNICO;218.0;;435.0;Roux (Segundo Entrenador);jearoux435@metricgoal.com;metricg0al.1234
;Julien;CUERPO_TECNICO;219.0;;436.0;Müller (Primer Entrenador);julmüller436@metricgoal.com;metricg0al.1234
;Alejandro;CUERPO_TECNICO;219.0;;437.0;Hoffmann (Segundo Entrenador);alehoffmann437@metricgoal.com;metricg0al.1234
;Pierre;CUERPO_TECNICO;220.0;;438.0;Bianchi (Primer Entrenador);piebianchi438@metricgoal.com;metricg0al.1234
;Javier;CUERPO_TECNICO;220.0;;439.0;Bianchi (Segundo Entrenador);javbianchi439@metricgoal.com;metricg0al.1234
;Antoine;CUERPO_TECNICO;221.0;;440.0;Evans (Primer Entrenador);antevans440@metricgoal.com;metricg0al.1234
;Michael;CUERPO_TECNICO;221.0;;441.0;Moreau (Segundo Entrenador);micmoreau441@metricgoal.com;metricg0al.1234
;Giovanni;CUERPO_TECNICO;222.0;;442.0;Fernández (Primer Entrenador);giofernández442@metricgoal.com;metricg0al.1234
;Antoine;CUERPO_TECNICO;222.0;;443.0;Müller (Segundo Entrenador);antmüller443@metricgoal.com;metricg0al.1234
;William;CUERPO_TECNICO;223.0;;444.0;Richard (Primer Entrenador);wilrichard444@metricgoal.com;metricg0al.1234
;David;CUERPO_TECNICO;223.0;;445.0;Dupont (Segundo Entrenador);davdupont445@metricgoal.com;metricg0al.1234
;Dieter;CUERPO_TECNICO;224.0;;446.0;Rossi (Primer Entrenador);dierossi446@metricgoal.com;metricg0al.1234
;Jean;CUERPO_TECNICO;224.0;;447.0;Richard (Segundo Entrenador);jearichard447@metricgoal.com;metricg0al.1234
;Dieter;CUERPO_TECNICO;225.0;;448.0;Roux (Primer Entrenador);dieroux448@metricgoal.com;metricg0al.1234
;Dieter;CUERPO_TECNICO;225.0;;449.0;Ricci (Segundo Entrenador);diericci449@metricgoal.com;metricg0al.1234
;Paul;CUERPO_TECNICO;226.0;;450.0;Hoffmann (Primer Entrenador);pauhoffmann450@metricgoal.com;metricg0al.1234
;Thomas;CUERPO_TECNICO;226.0;;451.0;Petit (Segundo Entrenador);thopetit451@metricgoal.com;metricg0al.1234
;Luc;CUERPO_TECNICO;227.0;;452.0;Wagner (Primer Entrenador);lucwagner452@metricgoal.com;metricg0al.1234
;Alejandro;CUERPO_TECNICO;227.0;;453.0;Davies (Segundo Entrenador);aledavies453@metricgoal.com;metricg0al.1234
;Charles;CUERPO_TECNICO;228.0;;454.0;Gallo (Primer Entrenador);chagallo454@metricgoal.com;metricg0al.1234
;Hugo;CUERPO_TECNICO;228.0;;455.0;Koch (Segundo Entrenador);hugkoch455@metricgoal.com;metricg0al.1234
;David;CUERPO_TECNICO;229.0;;456.0;Smith (Primer Entrenador);davsmith456@metricgoal.com;metricg0al.1234
;Diego;CUERPO_TECNICO;229.0;;457.0;Greco (Segundo Entrenador);diegreco457@metricgoal.com;metricg0al.1234
;Paul;CUERPO_TECNICO;230.0;;458.0;Greco (Primer Entrenador);paugreco458@metricgoal.com;metricg0al.1234
;Jorge;CUERPO_TECNICO;230.0;;459.0;Rodríguez (Segundo Entrenador);jorrodríguez459@metricgoal.com;metricg0al.1234
;Charles;CUERPO_TECNICO;231.0;;460.0;Koch (Primer Entrenador);chakoch460@metricgoal.com;metricg0al.1234
;Robert;CUERPO_TECNICO;231.0;;461.0;Müller (Segundo Entrenador);robmüller461@metricgoal.com;metricg0al.1234
;Lukas;CUERPO_TECNICO;232.0;;462.0;Sánchez (Primer Entrenador);luksánchez462@metricgoal.com;metricg0al.1234
;Thomas;CUERPO_TECNICO;232.0;;463.0;Evans (Segundo Entrenador);thoevans463@metricgoal.com;metricg0al.1234
;Joseph;CUERPO_TECNICO;233.0;;464.0;Schäfer (Primer Entrenador);josschäfer464@metricgoal.com;metricg0al.1234
;Pablo;CUERPO_TECNICO;233.0;;465.0;Richard (Segundo Entrenador);pabrichard465@metricgoal.com;metricg0al.1234
;James;CUERPO_TECNICO;234.0;;466.0;Wagner (Primer Entrenador);jamwagner466@metricgoal.com;metricg0al.1234
;Sergio;CUERPO_TECNICO;234.0;;467.0;Petit (Segundo Entrenador);serpetit467@metricgoal.com;metricg0al.1234
;Jean;CUERPO_TECNICO;235.0;;468.0;Leroy (Primer Entrenador);jealeroy468@metricgoal.com;metricg0al.1234
;Luc;CUERPO_TECNICO;235.0;;469.0;Richard (Segundo Entrenador);lucrichard469@metricgoal.com;metricg0al.1234
;Jean;CUERPO_TECNICO;236.0;;470.0;Moreau (Primer Entrenador);jeamoreau470@metricgoal.com;metricg0al.1234
;Klaus;CUERPO_TECNICO;236.0;;471.0;Smith (Segundo Entrenador);klasmith471@metricgoal.com;metricg0al.1234
;Joseph;CUERPO_TECNICO;237.0;;472.0;Schäfer (Primer Entrenador);josschäfer472@metricgoal.com;metricg0al.1234
;Marcel;CUERPO_TECNICO;237.0;;473.0;Sánchez (Segundo Entrenador);marsánchez473@metricgoal.com;metricg0al.1234
;Dieter;CUERPO_TECNICO;238.0;;474.0;Rodríguez (Primer Entrenador);dierodríguez474@metricgoal.com;metricg0al.1234
;Luigi;CUERPO_TECNICO;238.0;;475.0;Davies (Segundo Entrenador);luidavies475@metricgoal.com;metricg0al.1234
;John;CUERPO_TECNICO;239.0;;476.0;Becker (Primer Entrenador);johbecker476@metricgoal.com;metricg0al.1234
;John;CUERPO_TECNICO;239.0;;477.0;Leroy (Segundo Entrenador);johleroy477@metricgoal.com;metricg0al.1234
;Stefan;CUERPO_TECNICO;240.0;;478.0;Dupont (Primer Entrenador);stedupont478@metricgoal.com;metricg0al.1234
;Alejandro;CUERPO_TECNICO;240.0;;479.0;Moreau (Segundo Entrenador);alemoreau479@metricgoal.com;metricg0al.1234
;Charles;CUERPO_TECNICO;241.0;;480.0;Williams (Primer Entrenador);chawilliams480@metricgoal.com;metricg0al.1234
;Pierre;CUERPO_TECNICO;241.0;;481.0;López (Segundo Entrenador);pielópez481@metricgoal.com;metricg0al.1234
;John;CUERPO_TECNICO;242.0;;482.0;Weber (Primer Entrenador);johweber482@metricgoal.com;metricg0al.1234
;Jorge;CUERPO_TECNICO;242.0;;483.0;Pérez (Segundo Entrenador);jorpérez483@metricgoal.com;metricg0al.1234
;Julien;CUERPO_TECNICO;243.0;;484.0;Wagner (Primer Entrenador);julwagner484@metricgoal.com;metricg0al.1234
;Lukas;CUERPO_TECNICO;243.0;;485.0;Williams (Segundo Entrenador);lukwilliams485@metricgoal.com;metricg0al.1234
;Pablo;CUERPO_TECNICO;244.0;;486.0;Jones (Primer Entrenador);pabjones486@metricgoal.com;metricg0al.1234
;Sergio;CUERPO_TECNICO;244.0;;487.0;Dupont (Segundo Entrenador);serdupont487@metricgoal.com;metricg0al.1234
;Carlos;CUERPO_TECNICO;245.0;;488.0;Weber (Primer Entrenador);carweber488@metricgoal.com;metricg0al.1234
;Thomas;CUERPO_TECNICO;245.0;;489.0;Colombo (Segundo Entrenador);thocolombo489@metricgoal.com;metricg0al.1234
;Charles;CUERPO_TECNICO;246.0;;490.0;Colombo (Primer Entrenador);chacolombo490@metricgoal.com;metricg0al.1234
;Lukas;CUERPO_TECNICO;246.0;;491.0;Romano (Segundo Entrenador);lukromano491@metricgoal.com;metricg0al.1234
;Thomas;CUERPO_TECNICO;247.0;;492.0;Greco (Primer Entrenador);thogreco492@metricgoal.com;metricg0al.1234
;Joseph;CUERPO_TECNICO;247.0;;493.0;Taylor (Segundo Entrenador);jostaylor493@metricgoal.com;metricg0al.1234
;Dieter;CUERPO_TECNICO;248.0;;494.0;Hoffmann (Primer Entrenador);diehoffmann494@metricgoal.com;metricg0al.1234
;Hugo;CUERPO_TECNICO;248.0;;495.0;Jones (Segundo Entrenador);hugjones495@metricgoal.com;metricg0al.1234
;Jürgen;CUERPO_TECNICO;249.0;;496.0;Richard (Primer Entrenador);jürrichard496@metricgoal.com;metricg0al.1234
;Marcel;CUERPO_TECNICO;249.0;;497.0;Martínez (Segundo Entrenador);marmartínez497@metricgoal.com;metricg0al.1234
;Robert;CUERPO_TECNICO;250.0;;498.0;Schäfer (Primer Entrenador);robschäfer498@metricgoal.com;metricg0al.1234
;Hugo;CUERPO_TECNICO;250.0;;499.0;Bernard (Segundo Entrenador);hugbernard499@metricgoal.com;metricg0al.1234
;Klaus;CUERPO_TECNICO;251.0;;500.0;Richard (Primer Entrenador);klarichard500@metricgoal.com;metricg0al.1234
;Louis;CUERPO_TECNICO;251.0;;501.0;Bianchi (Segundo Entrenador);loubianchi501@metricgoal.com;metricg0al.1234
;Giovanni;CUERPO_TECNICO;252.0;;502.0;Brown (Primer Entrenador);giobrown502@metricgoal.com;metricg0al.1234
;Marco;CUERPO_TECNICO;252.0;;503.0;Koch (Segundo Entrenador);markoch503@metricgoal.com;metricg0al.1234
;Thomas;CUERPO_TECNICO;253.0;;504.0;Moreau (Primer Entrenador);thomoreau504@metricgoal.com;metricg0al.1234
;Joseph;CUERPO_TECNICO;253.0;;505.0;Rossi (Segundo Entrenador);josrossi505@metricgoal.com;metricg0al.1234
;David;CUERPO_TECNICO;254.0;;506.0;Moreau (Primer Entrenador);davmoreau506@metricgoal.com;metricg0al.1234
;Stefan;CUERPO_TECNICO;254.0;;507.0;Greco (Segundo Entrenador);stegreco507@metricgoal.com;metricg0al.1234
;Miguel;CUERPO_TECNICO;255.0;;508.0;Rossi (Primer Entrenador);migrossi508@metricgoal.com;metricg0al.1234
;Louis;CUERPO_TECNICO;255.0;;509.0;Wagner (Segundo Entrenador);louwagner509@metricgoal.com;metricg0al.1234
;Arthur;CUERPO_TECNICO;256.0;;510.0;Koch (Primer Entrenador);artkoch510@metricgoal.com;metricg0al.1234
;Robert;CUERPO_TECNICO;256.0;;511.0;Sánchez (Segundo Entrenador);robsánchez511@metricgoal.com;metricg0al.1234
;Luca;CUERPO_TECNICO;257.0;;512.0;Hoffmann (Primer Entrenador);luchoffmann512@metricgoal.com;metricg0al.1234
;Carlos;CUERPO_TECNICO;257.0;;513.0;Moreau (Segundo Entrenador);carmoreau513@metricgoal.com;metricg0al.1234
;Sergio;CUERPO_TECNICO;258.0;;514.0;López (Primer Entrenador);serlópez514@metricgoal.com;metricg0al.1234
;Felix;CUERPO_TECNICO;258.0;;515.0;Ricci (Segundo Entrenador);felricci515@metricgoal.com;metricg0al.1234
;Marco;CUERPO_TECNICO;259.0;;516.0;Leroy (Primer Entrenador);marleroy516@metricgoal.com;metricg0al.1234
;Carlos;CUERPO_TECNICO;259.0;;517.0;Rossi (Segundo Entrenador);carrossi517@metricgoal.com;metricg0al.1234
;Lukas;CUERPO_TECNICO;260.0;;518.0;Schmidt (Primer Entrenador);lukschmidt518@metricgoal.com;metricg0al.1234
;Roberto;CUERPO_TECNICO;260.0;;519.0;Bianchi (Segundo Entrenador);robbianchi519@metricgoal.com;metricg0al.1234
;Roberto;CUERPO_TECNICO;261.0;;520.0;Gallo (Primer Entrenador);robgallo520@metricgoal.com;metricg0al.1234
;Hans;CUERPO_TECNICO;261.0;;521.0;Hoffmann (Segundo Entrenador);hanhoffmann521@metricgoal.com;metricg0al.1234
;Pablo;CUERPO_TECNICO;262.0;;522.0;Schäfer (Primer Entrenador);pabschäfer522@metricgoal.com;metricg0al.1234
;Giovanni;CUERPO_TECNICO;262.0;;523.0;Rodríguez (Segundo Entrenador);giorodríguez523@metricgoal.com;metricg0al.1234
;Miguel;CUERPO_TECNICO;263.0;;524.0;Jones (Primer Entrenador);migjones524@metricgoal.com;metricg0al.1234
;Antoine;CUERPO_TECNICO;263.0;;525.0;Fernández (Segundo Entrenador);antfernández525@metricgoal.com;metricg0al.1234
;Javier;CUERPO_TECNICO;264.0;;526.0;Brown (Primer Entrenador);javbrown526@metricgoal.com;metricg0al.1234
;Joseph;CUERPO_TECNICO;264.0;;527.0;Richard (Segundo Entrenador);josrichard527@metricgoal.com;metricg0al.1234
;Marcel;CUERPO_TECNICO;265.0;;528.0;Taylor (Primer Entrenador);martaylor528@metricgoal.com;metricg0al.1234
;Julien;CUERPO_TECNICO;265.0;;529.0;Becker (Segundo Entrenador);julbecker529@metricgoal.com;metricg0al.1234
;Dieter;CUERPO_TECNICO;266.0;;530.0;Wagner (Primer Entrenador);diewagner530@metricgoal.com;metricg0al.1234
;Jorge;CUERPO_TECNICO;266.0;;531.0;Smith (Segundo Entrenador);jorsmith531@metricgoal.com;metricg0al.1234
;Luca;CUERPO_TECNICO;267.0;;532.0;Roux (Primer Entrenador);lucroux532@metricgoal.com;metricg0al.1234
;Arthur;CUERPO_TECNICO;267.0;;533.0;López (Segundo Entrenador);artlópez533@metricgoal.com;metricg0al.1234
;Luca;CUERPO_TECNICO;268.0;;534.0;Pérez (Primer Entrenador);lucpérez534@metricgoal.com;metricg0al.1234
;Charles;CUERPO_TECNICO;268.0;;535.0;Becker (Segundo Entrenador);chabecker535@metricgoal.com;metricg0al.1234
;Alessandro;CUERPO_TECNICO;269.0;;536.0;Bianchi (Primer Entrenador);alebianchi536@metricgoal.com;metricg0al.1234
;Pierre;CUERPO_TECNICO;269.0;;537.0;Colombo (Segundo Entrenador);piecolombo537@metricgoal.com;metricg0al.1234
;Pablo;CUERPO_TECNICO;270.0;;538.0;Koch (Primer Entrenador);pabkoch538@metricgoal.com;metricg0al.1234
;Lukas;CUERPO_TECNICO;270.0;;539.0;López (Segundo Entrenador);luklópez539@metricgoal.com;metricg0al.1234
;Julien;CUERPO_TECNICO;271.0;;540.0;Brown (Primer Entrenador);julbrown540@metricgoal.com;metricg0al.1234
;Richard;CUERPO_TECNICO;271.0;;541.0;Colombo (Segundo Entrenador);riccolombo541@metricgoal.com;metricg0al.1234
;Mario;CUERPO_TECNICO;272.0;;542.0;Schäfer (Primer Entrenador);marschäfer542@metricgoal.com;metricg0al.1234
;Pablo;CUERPO_TECNICO;272.0;;543.0;Koch (Segundo Entrenador);pabkoch543@metricgoal.com;metricg0al.1234
;Roberto;CUERPO_TECNICO;273.0;;544.0;Schmidt (Primer Entrenador);robschmidt544@metricgoal.com;metricg0al.1234
;Julien;CUERPO_TECNICO;273.0;;545.0;Jones (Segundo Entrenador);juljones545@metricgoal.com;metricg0al.1234
;David;CUERPO_TECNICO;274.0;;546.0;Schäfer (Primer Entrenador);davschäfer546@metricgoal.com;metricg0al.1234
;Robert;CUERPO_TECNICO;274.0;;547.0;Fernández (Segundo Entrenador);robfernández547@metricgoal.com;metricg0al.1234
;Luca;CUERPO_TECNICO;275.0;;548.0;Martínez (Primer Entrenador);lucmartínez548@metricgoal.com;metricg0al.1234
;William;CUERPO_TECNICO;275.0;;549.0;Fernández (Segundo Entrenador);wilfernández549@metricgoal.com;metricg0al.1234
;Jorge;CUERPO_TECNICO;276.0;;550.0;Greco (Primer Entrenador);jorgreco550@metricgoal.com;metricg0al.1234
;Felix;CUERPO_TECNICO;276.0;;551.0;Gallo (Segundo Entrenador);felgallo551@metricgoal.com;metricg0al.1234
;Klaus;CUERPO_TECNICO;277.0;;552.0;Müller (Primer Entrenador);klamüller552@metricgoal.com;metricg0al.1234
;Javier;CUERPO_TECNICO;277.0;;553.0;López (Segundo Entrenador);javlópez553@metricgoal.com;metricg0al.1234
;Giovanni;CUERPO_TECNICO;278.0;;554.0;Pérez (Primer Entrenador);giopérez554@metricgoal.com;metricg0al.1234
;Robert;CUERPO_TECNICO;278.0;;555.0;Hoffmann (Segundo Entrenador);robhoffmann555@metricgoal.com;metricg0al.1234
;Alessandro;CUERPO_TECNICO;279.0;;556.0;Martínez (Primer Entrenador);alemartínez556@metricgoal.com;metricg0al.1234
;Louis;CUERPO_TECNICO;279.0;;557.0;Romano (Segundo Entrenador);louromano557@metricgoal.com;metricg0al.1234
;Antoine;CUERPO_TECNICO;280.0;;558.0;Roux (Primer Entrenador);antroux558@metricgoal.com;metricg0al.1234
;Pierre;CUERPO_TECNICO;280.0;;559.0;Ricci (Segundo Entrenador);piericci559@metricgoal.com;metricg0al.1234
;William;CUERPO_TECNICO;281.0;;560.0;Richard (Primer Entrenador);wilrichard560@metricgoal.com;metricg0al.1234
;Roberto;CUERPO_TECNICO;281.0;;561.0;Smith (Segundo Entrenador);robsmith561@metricgoal.com;metricg0al.1234
;Hugo;CUERPO_TECNICO;282.0;;562.0;Schmidt (Primer Entrenador);hugschmidt562@metricgoal.com;metricg0al.1234
;Joseph;CUERPO_TECNICO;282.0;;563.0;Leroy (Segundo Entrenador);josleroy563@metricgoal.com;metricg0al.1234
;Daniel;CUERPO_TECNICO;283.0;;564.0;Johnson (Primer Entrenador);danjohnson564@metricgoal.com;metricg0al.1234
;Mario;CUERPO_TECNICO;283.0;;565.0;Gallo (Segundo Entrenador);margallo565@metricgoal.com;metricg0al.1234
;Lukas;CUERPO_TECNICO;284.0;;566.0;Pérez (Primer Entrenador);lukpérez566@metricgoal.com;metricg0al.1234
;Arthur;CUERPO_TECNICO;284.0;;567.0;Koch (Segundo Entrenador);artkoch567@metricgoal.com;metricg0al.1234
;Lukas;CUERPO_TECNICO;285.0;;568.0;Dupont (Primer Entrenador);lukdupont568@metricgoal.com;metricg0al.1234
;Dieter;CUERPO_TECNICO;285.0;;569.0;Moreau (Segundo Entrenador);diemoreau569@metricgoal.com;metricg0al.1234
;Francesco;CUERPO_TECNICO;286.0;;570.0;Romano (Primer Entrenador);fraromano570@metricgoal.com;metricg0al.1234
;Marcel;CUERPO_TECNICO;286.0;;571.0;Jones (Segundo Entrenador);marjones571@metricgoal.com;metricg0al.1234
;Arthur;CUERPO_TECNICO;287.0;;572.0;Johnson (Primer Entrenador);artjohnson572@metricgoal.com;metricg0al.1234
;Paul;CUERPO_TECNICO;287.0;;573.0;Gallo (Segundo Entrenador);paugallo573@metricgoal.com;metricg0al.1234
;Diego;CUERPO_TECNICO;288.0;;574.0;Hoffmann (Primer Entrenador);diehoffmann574@metricgoal.com;metricg0al.1234
;Roberto;CUERPO_TECNICO;288.0;;575.0;Koch (Segundo Entrenador);robkoch575@metricgoal.com;metricg0al.1234
;Sergio;CUERPO_TECNICO;289.0;;576.0;Dupont (Primer Entrenador);serdupont576@metricgoal.com;metricg0al.1234
;Arthur;CUERPO_TECNICO;289.0;;577.0;Moreau (Segundo Entrenador);artmoreau577@metricgoal.com;metricg0al.1234
